apartment_id,building_id,location_code,apartment_type,activation_date,status
APT-001-001,BLDG-001,HYD-NORTH,1BHK,2026-03-23,ACTIVE
APT-001-002,BLDG-001,HYD-NORTH,2.5BHK,2026-01-04,ACTIVE
APT-001-003,BLDG-001,HYD-NORTH,2BHK,2026-02-01,ACTIVE
APT-001-004,BLDG-001,HYD-NORTH,1BHK,2026-01-18,ACTIVE
APT-001-005,BLDG-001,HYD-NORTH,1BHK,2026-03-28,ACTIVE
APT-001-006,BLDG-001,HYD-NORTH,3BHK,2026-03-17,ACTIVE
APT-001-007,BLDG-001,HYD-NORTH,1BHK,2026-01-05,ACTIVE
APT-001-008,BLDG-001,HYD-NORTH,2BHK,2026-01-12,ACTIVE
APT-001-009,BLDG-001,HYD-NORTH,1BHK,2026-01-30,ACTIVE
APT-001-010,BLDG-001,HYD-NORTH,2BHK,2026-03-13,ACTIVE
APT-001-011,BLDG-001,HYD-NORTH,3BHK,2026-04-02,ACTIVE
APT-001-012,BLDG-001,HYD-NORTH,3BHK,2026-01-29,ACTIVE
APT-001-013,BLDG-001,HYD-NORTH,2.5BHK,2026-03-17,ACTIVE
APT-001-014,BLDG-001,HYD-NORTH,1BHK,2026-04-14,ACTIVE
APT-001-015,BLDG-001,HYD-NORTH,2BHK,2026-04-08,ACTIVE
APT-001-016,BLDG-001,HYD-NORTH,3BHK,2026-03-31,ACTIVE
APT-001-017,BLDG-001,HYD-NORTH,2.5BHK,2026-02-13,ACTIVE
APT-001-018,BLDG-001,HYD-NORTH,2BHK,2026-01-20,ACTIVE
APT-001-019,BLDG-001,HYD-NORTH,2.5BHK,2026-04-08,ACTIVE
APT-001-020,BLDG-001,HYD-NORTH,1BHK,2026-01-14,ACTIVE
APT-001-021,BLDG-001,HYD-NORTH,1BHK,2026-02-18,ACTIVE
APT-001-022,BLDG-001,HYD-NORTH,2.5BHK,2026-02-15,ACTIVE
APT-001-023,BLDG-001,HYD-NORTH,2.5BHK,2026-03-19,ACTIVE
APT-001-024,BLDG-001,HYD-NORTH,1BHK,2026-04-14,ACTIVE
APT-001-025,BLDG-001,HYD-NORTH,3BHK,2026-04-04,ACTIVE
APT-001-026,BLDG-001,HYD-NORTH,1BHK,2026-03-10,ACTIVE
APT-001-027,BLDG-001,HYD-NORTH,3BHK,2026-04-29,ACTIVE
APT-001-028,BLDG-001,HYD-NORTH,2.5BHK,2026-01-11,ACTIVE
APT-001-029,BLDG-001,HYD-NORTH,2.5BHK,2026-04-17,ACTIVE
APT-001-030,BLDG-001,HYD-NORTH,2BHK,2026-03-15,ACTIVE
APT-001-031,BLDG-001,HYD-NORTH,1BHK,2026-04-01,ACTIVE
APT-001-032,BLDG-001,HYD-NORTH,2BHK,2026-01-06,ACTIVE
APT-001-033,BLDG-001,HYD-NORTH,2.5BHK,2026-04-09,ACTIVE
APT-001-034,BLDG-001,HYD-NORTH,2BHK,2026-01-11,ACTIVE
APT-001-035,BLDG-001,HYD-NORTH,1BHK,2026-04-21,ACTIVE
APT-001-036,BLDG-001,HYD-NORTH,2.5BHK,2026-02-18,ACTIVE
APT-001-037,BLDG-001,HYD-NORTH,2.5BHK,2026-02-28,ACTIVE
APT-001-038,BLDG-001,HYD-NORTH,2.5BHK,2026-01-21,ACTIVE
APT-001-039,BLDG-001,HYD-NORTH,2BHK,2026-02-15,ACTIVE
APT-001-040,BLDG-001,HYD-NORTH,2.5BHK,2026-03-27,ACTIVE
APT-001-041,BLDG-001,HYD-NORTH,1BHK,2026-03-31,ACTIVE
APT-001-042,BLDG-001,HYD-NORTH,2BHK,2026-03-19,ACTIVE
APT-001-043,BLDG-001,HYD-NORTH,2BHK,2026-03-10,ACTIVE
APT-001-044,BLDG-001,HYD-NORTH,3BHK,2026-01-21,ACTIVE
APT-001-045,BLDG-001,HYD-NORTH,2.5BHK,2026-02-18,ACTIVE
APT-001-046,BLDG-001,HYD-NORTH,2BHK,2026-04-29,ACTIVE
APT-001-047,BLDG-001,HYD-NORTH,2.5BHK,2026-03-29,ACTIVE
APT-001-048,BLDG-001,HYD-NORTH,1BHK,2026-04-18,ACTIVE
APT-001-049,BLDG-001,HYD-NORTH,1BHK,2026-01-30,ACTIVE
APT-001-050,BLDG-001,HYD-NORTH,2.5BHK,2026-04-14,ACTIVE
APT-002-001,BLDG-002,HYD-EAST,2.5BHK,2026-02-21,ACTIVE
APT-002-002,BLDG-002,HYD-EAST,2BHK,2026-01-09,ACTIVE
APT-002-003,BLDG-002,HYD-EAST,2.5BHK,2026-04-27,ACTIVE
APT-002-004,BLDG-002,HYD-EAST,3BHK,2026-01-28,ACTIVE
APT-002-005,BLDG-002,HYD-EAST,3BHK,2026-02-20,ACTIVE
APT-002-006,BLDG-002,HYD-EAST,2.5BHK,2026-01-19,ACTIVE
APT-002-007,BLDG-002,HYD-EAST,2BHK,2026-01-18,ACTIVE
APT-002-008,BLDG-002,HYD-EAST,2.5BHK,2026-04-06,ACTIVE
APT-002-009,BLDG-002,HYD-EAST,3BHK,2026-04-06,ACTIVE
APT-002-010,BLDG-002,HYD-EAST,3BHK,2026-04-25,ACTIVE
APT-002-011,BLDG-002,HYD-EAST,2BHK,2026-02-16,ACTIVE
APT-002-012,BLDG-002,HYD-EAST,3BHK,2026-01-18,ACTIVE
APT-002-013,BLDG-002,HYD-EAST,1BHK,2026-01-12,ACTIVE
APT-002-014,BLDG-002,HYD-EAST,1BHK,2026-04-21,ACTIVE
APT-002-015,BLDG-002,HYD-EAST,2BHK,2026-01-20,ACTIVE
APT-002-016,BLDG-002,HYD-EAST,3BHK,2026-04-12,ACTIVE
APT-002-017,BLDG-002,HYD-EAST,1BHK,2026-03-18,ACTIVE
APT-002-018,BLDG-002,HYD-EAST,3BHK,2026-02-19,ACTIVE
APT-002-019,BLDG-002,HYD-EAST,3BHK,2026-03-18,ACTIVE
APT-002-020,BLDG-002,HYD-EAST,2.5BHK,2026-03-09,ACTIVE
APT-002-021,BLDG-002,HYD-EAST,1BHK,2026-03-12,ACTIVE
APT-002-022,BLDG-002,HYD-EAST,1BHK,2026-03-29,ACTIVE
APT-002-023,BLDG-002,HYD-EAST,2.5BHK,2026-03-29,ACTIVE
APT-002-024,BLDG-002,HYD-EAST,2.5BHK,2026-04-09,ACTIVE
APT-002-025,BLDG-002,HYD-EAST,2.5BHK,2026-01-15,ACTIVE
APT-002-026,BLDG-002,HYD-EAST,2BHK,2026-02-25,ACTIVE
APT-002-027,BLDG-002,HYD-EAST,1BHK,2026-02-28,ACTIVE
APT-002-028,BLDG-002,HYD-EAST,2.5BHK,2026-04-03,ACTIVE
APT-002-029,BLDG-002,HYD-EAST,2BHK,2026-03-06,ACTIVE
APT-002-030,BLDG-002,HYD-EAST,1BHK,2026-03-06,ACTIVE
APT-002-031,BLDG-002,HYD-EAST,2.5BHK,2026-04-22,ACTIVE
APT-002-032,BLDG-002,HYD-EAST,2BHK,2026-04-18,ACTIVE
APT-002-033,BLDG-002,HYD-EAST,2.5BHK,2026-01-20,ACTIVE
APT-002-034,BLDG-002,HYD-EAST,2BHK,2026-04-08,ACTIVE
APT-002-035,BLDG-002,HYD-EAST,1BHK,2026-03-11,ACTIVE
APT-002-036,BLDG-002,HYD-EAST,2.5BHK,2026-03-18,ACTIVE
APT-002-037,BLDG-002,HYD-EAST,1BHK,2026-03-04,ACTIVE
APT-002-038,BLDG-002,HYD-EAST,2.5BHK,2026-01-15,ACTIVE
APT-002-039,BLDG-002,HYD-EAST,2.5BHK,2026-04-23,ACTIVE
APT-002-040,BLDG-002,HYD-EAST,1BHK,2026-01-31,ACTIVE
APT-002-041,BLDG-002,HYD-EAST,1BHK,2026-01-31,ACTIVE
APT-002-042,BLDG-002,HYD-EAST,3BHK,2026-01-11,ACTIVE
APT-002-043,BLDG-002,HYD-EAST,1BHK,2026-04-15,ACTIVE
APT-002-044,BLDG-002,HYD-EAST,2BHK,2026-04-08,ACTIVE
APT-002-045,BLDG-002,HYD-EAST,3BHK,2026-01-17,ACTIVE
APT-002-046,BLDG-002,HYD-EAST,2BHK,2026-03-12,ACTIVE
APT-002-047,BLDG-002,HYD-EAST,3BHK,2026-02-03,ACTIVE
APT-002-048,BLDG-002,HYD-EAST,2BHK,2026-01-28,ACTIVE
APT-002-049,BLDG-002,HYD-EAST,2.5BHK,2026-04-02,ACTIVE
APT-002-050,BLDG-002,HYD-EAST,2.5BHK,2026-02-21,ACTIVE
APT-003-001,BLDG-003,HYD-WEST,3BHK,2026-02-26,ACTIVE
APT-003-002,BLDG-003,HYD-WEST,2BHK,2026-01-16,ACTIVE
APT-003-003,BLDG-003,HYD-WEST,1BHK,2026-01-29,ACTIVE
APT-003-004,BLDG-003,HYD-WEST,1BHK,2026-02-13,ACTIVE
APT-003-005,BLDG-003,HYD-WEST,2BHK,2026-03-17,ACTIVE
APT-003-006,BLDG-003,HYD-WEST,2BHK,2026-03-17,ACTIVE
APT-003-007,BLDG-003,HYD-WEST,1BHK,2026-01-01,ACTIVE
APT-003-008,BLDG-003,HYD-WEST,1BHK,2026-04-01,ACTIVE
APT-003-009,BLDG-003,HYD-WEST,1BHK,2026-01-30,ACTIVE
APT-003-010,BLDG-003,HYD-WEST,1BHK,2026-04-26,ACTIVE
APT-003-011,BLDG-003,HYD-WEST,2.5BHK,2026-04-21,ACTIVE
APT-003-012,BLDG-003,HYD-WEST,2BHK,2026-01-10,ACTIVE
APT-003-013,BLDG-003,HYD-WEST,3BHK,2026-02-05,ACTIVE
APT-003-014,BLDG-003,HYD-WEST,2BHK,2026-01-28,ACTIVE
APT-003-015,BLDG-003,HYD-WEST,3BHK,2026-04-03,ACTIVE
APT-003-016,BLDG-003,HYD-WEST,3BHK,2026-02-01,ACTIVE
APT-003-017,BLDG-003,HYD-WEST,3BHK,2026-04-14,ACTIVE
APT-003-018,BLDG-003,HYD-WEST,1BHK,2026-01-25,ACTIVE
APT-003-019,BLDG-003,HYD-WEST,3BHK,2026-01-13,ACTIVE
APT-003-020,BLDG-003,HYD-WEST,3BHK,2026-02-15,ACTIVE
APT-003-021,BLDG-003,HYD-WEST,3BHK,2026-02-22,ACTIVE
APT-003-022,BLDG-003,HYD-WEST,1BHK,2026-04-21,ACTIVE
APT-003-023,BLDG-003,HYD-WEST,1BHK,2026-03-28,ACTIVE
APT-003-024,BLDG-003,HYD-WEST,3BHK,2026-01-08,ACTIVE
APT-003-025,BLDG-003,HYD-WEST,2.5BHK,2026-04-04,ACTIVE
APT-003-026,BLDG-003,HYD-WEST,1BHK,2026-04-13,ACTIVE
APT-003-027,BLDG-003,HYD-WEST,2BHK,2026-02-01,ACTIVE
APT-003-028,BLDG-003,HYD-WEST,3BHK,2026-01-25,ACTIVE
APT-003-029,BLDG-003,HYD-WEST,3BHK,2026-01-18,ACTIVE
APT-003-030,BLDG-003,HYD-WEST,2.5BHK,2026-01-24,ACTIVE
APT-003-031,BLDG-003,HYD-WEST,2BHK,2026-03-01,ACTIVE
APT-003-032,BLDG-003,HYD-WEST,1BHK,2026-04-22,ACTIVE
APT-003-033,BLDG-003,HYD-WEST,1BHK,2026-02-26,ACTIVE
APT-003-034,BLDG-003,HYD-WEST,1BHK,2026-01-07,ACTIVE
APT-003-035,BLDG-003,HYD-WEST,2BHK,2026-01-12,ACTIVE
APT-003-036,BLDG-003,HYD-WEST,3BHK,2026-01-22,ACTIVE
APT-003-037,BLDG-003,HYD-WEST,3BHK,2026-03-04,ACTIVE
APT-003-038,BLDG-003,HYD-WEST,3BHK,2026-01-28,ACTIVE
APT-003-039,BLDG-003,HYD-WEST,1BHK,2026-04-26,ACTIVE
APT-003-040,BLDG-003,HYD-WEST,3BHK,2026-01-22,ACTIVE
APT-003-041,BLDG-003,HYD-WEST,3BHK,2026-01-01,ACTIVE
APT-003-042,BLDG-003,HYD-WEST,3BHK,2026-02-03,ACTIVE
APT-003-043,BLDG-003,HYD-WEST,3BHK,2026-02-06,ACTIVE
APT-003-044,BLDG-003,HYD-WEST,3BHK,2026-03-31,ACTIVE
APT-003-045,BLDG-003,HYD-WEST,2BHK,2026-01-20,ACTIVE
APT-003-046,BLDG-003,HYD-WEST,2BHK,2026-02-07,ACTIVE
APT-003-047,BLDG-003,HYD-WEST,1BHK,2026-01-08,ACTIVE
APT-003-048,BLDG-003,HYD-WEST,2.5BHK,2026-04-06,ACTIVE
APT-003-049,BLDG-003,HYD-WEST,1BHK,2026-01-08,ACTIVE
APT-003-050,BLDG-003,HYD-WEST,3BHK,2026-03-16,ACTIVE
APT-004-001,BLDG-004,HYD-CENTRAL,2BHK,2026-03-06,ACTIVE
APT-004-002,BLDG-004,HYD-CENTRAL,1BHK,2026-01-08,ACTIVE
APT-004-003,BLDG-004,HYD-CENTRAL,2BHK,2026-04-19,ACTIVE
APT-004-004,BLDG-004,HYD-CENTRAL,1BHK,2026-01-09,ACTIVE
APT-004-005,BLDG-004,HYD-CENTRAL,2BHK,2026-03-28,ACTIVE
APT-004-006,BLDG-004,HYD-CENTRAL,1BHK,2026-02-21,ACTIVE
APT-004-007,BLDG-004,HYD-CENTRAL,2BHK,2026-05-01,ACTIVE
APT-004-008,BLDG-004,HYD-CENTRAL,1BHK,2026-03-16,ACTIVE
APT-004-009,BLDG-004,HYD-CENTRAL,1BHK,2026-03-21,ACTIVE
APT-004-010,BLDG-004,HYD-CENTRAL,2.5BHK,2026-02-23,ACTIVE
APT-004-011,BLDG-004,HYD-CENTRAL,2.5BHK,2026-04-30,ACTIVE
APT-004-012,BLDG-004,HYD-CENTRAL,2.5BHK,2026-01-27,ACTIVE
APT-004-013,BLDG-004,HYD-CENTRAL,2.5BHK,2026-01-31,ACTIVE
APT-004-014,BLDG-004,HYD-CENTRAL,2BHK,2026-02-20,ACTIVE
APT-004-015,BLDG-004,HYD-CENTRAL,2.5BHK,2026-03-27,ACTIVE
APT-004-016,BLDG-004,HYD-CENTRAL,2.5BHK,2026-02-28,ACTIVE
APT-004-017,BLDG-004,HYD-CENTRAL,1BHK,2026-04-29,ACTIVE
APT-004-018,BLDG-004,HYD-CENTRAL,3BHK,2026-01-02,ACTIVE
APT-004-019,BLDG-004,HYD-CENTRAL,1BHK,2026-03-21,ACTIVE
APT-004-020,BLDG-004,HYD-CENTRAL,2BHK,2026-01-10,ACTIVE
APT-004-021,BLDG-004,HYD-CENTRAL,2.5BHK,2026-03-06,ACTIVE
APT-004-022,BLDG-004,HYD-CENTRAL,2.5BHK,2026-01-17,ACTIVE
APT-004-023,BLDG-004,HYD-CENTRAL,1BHK,2026-04-23,ACTIVE
APT-004-024,BLDG-004,HYD-CENTRAL,2BHK,2026-04-23,ACTIVE
APT-004-025,BLDG-004,HYD-CENTRAL,2.5BHK,2026-02-17,ACTIVE
APT-004-026,BLDG-004,HYD-CENTRAL,3BHK,2026-01-21,ACTIVE
APT-004-027,BLDG-004,HYD-CENTRAL,2.5BHK,2026-04-17,ACTIVE
APT-004-028,BLDG-004,HYD-CENTRAL,1BHK,2026-03-20,ACTIVE
APT-004-029,BLDG-004,HYD-CENTRAL,2.5BHK,2026-03-27,ACTIVE
APT-004-030,BLDG-004,HYD-CENTRAL,1BHK,2026-04-30,ACTIVE
APT-004-031,BLDG-004,HYD-CENTRAL,2BHK,2026-05-01,ACTIVE
APT-004-032,BLDG-004,HYD-CENTRAL,1BHK,2026-02-03,ACTIVE
APT-004-033,BLDG-004,HYD-CENTRAL,1BHK,2026-04-24,ACTIVE
APT-004-034,BLDG-004,HYD-CENTRAL,2BHK,2026-04-06,ACTIVE
APT-004-035,BLDG-004,HYD-CENTRAL,2.5BHK,2026-02-04,ACTIVE
APT-004-036,BLDG-004,HYD-CENTRAL,2BHK,2026-03-19,ACTIVE
APT-004-037,BLDG-004,HYD-CENTRAL,2.5BHK,2026-04-02,ACTIVE
APT-004-038,BLDG-004,HYD-CENTRAL,2.5BHK,2026-01-27,ACTIVE
APT-004-039,BLDG-004,HYD-CENTRAL,3BHK,2026-03-06,ACTIVE
APT-004-040,BLDG-004,HYD-CENTRAL,1BHK,2026-02-02,ACTIVE
APT-004-041,BLDG-004,HYD-CENTRAL,3BHK,2026-01-12,ACTIVE
APT-004-042,BLDG-004,HYD-CENTRAL,2.5BHK,2026-04-17,ACTIVE
APT-004-043,BLDG-004,HYD-CENTRAL,1BHK,2026-01-06,ACTIVE
APT-004-044,BLDG-004,HYD-CENTRAL,2BHK,2026-02-12,ACTIVE
APT-004-045,BLDG-004,HYD-CENTRAL,2.5BHK,2026-03-23,ACTIVE
APT-004-046,BLDG-004,HYD-CENTRAL,3BHK,2026-01-21,ACTIVE
APT-004-047,BLDG-004,HYD-CENTRAL,3BHK,2026-03-12,ACTIVE
APT-004-048,BLDG-004,HYD-CENTRAL,1BHK,2026-03-13,ACTIVE
APT-004-049,BLDG-004,HYD-CENTRAL,1BHK,2026-01-15,ACTIVE
APT-004-050,BLDG-004,HYD-CENTRAL,2BHK,2026-05-01,ACTIVE
APT-005-001,BLDG-005,HYD-SOUTH,1BHK,2026-03-11,ACTIVE
APT-005-002,BLDG-005,HYD-SOUTH,2.5BHK,2026-04-17,ACTIVE
APT-005-003,BLDG-005,HYD-SOUTH,2BHK,2026-03-16,ACTIVE
APT-005-004,BLDG-005,HYD-SOUTH,2BHK,2026-02-25,ACTIVE
APT-005-005,BLDG-005,HYD-SOUTH,2.5BHK,2026-01-06,ACTIVE
APT-005-006,BLDG-005,HYD-SOUTH,1BHK,2026-02-16,ACTIVE
APT-005-007,BLDG-005,HYD-SOUTH,2.5BHK,2026-04-26,ACTIVE
APT-005-008,BLDG-005,HYD-SOUTH,2BHK,2026-01-27,ACTIVE
APT-005-009,BLDG-005,HYD-SOUTH,1BHK,2026-03-27,ACTIVE
APT-005-010,BLDG-005,HYD-SOUTH,3BHK,2026-02-15,ACTIVE
APT-005-011,BLDG-005,HYD-SOUTH,2BHK,2026-03-21,ACTIVE
APT-005-012,BLDG-005,HYD-SOUTH,2BHK,2026-04-29,ACTIVE
APT-005-013,BLDG-005,HYD-SOUTH,2BHK,2026-04-21,ACTIVE
APT-005-014,BLDG-005,HYD-SOUTH,2BHK,2026-04-13,ACTIVE
APT-005-015,BLDG-005,HYD-SOUTH,3BHK,2026-04-23,ACTIVE
APT-005-016,BLDG-005,HYD-SOUTH,2BHK,2026-01-04,ACTIVE
APT-005-017,BLDG-005,HYD-SOUTH,2.5BHK,2026-04-05,ACTIVE
APT-005-018,BLDG-005,HYD-SOUTH,3BHK,2026-04-11,ACTIVE
APT-005-019,BLDG-005,HYD-SOUTH,2BHK,2026-04-13,ACTIVE
APT-005-020,BLDG-005,HYD-SOUTH,2BHK,2026-02-04,ACTIVE
APT-005-021,BLDG-005,HYD-SOUTH,1BHK,2026-04-11,ACTIVE
APT-005-022,BLDG-005,HYD-SOUTH,1BHK,2026-02-18,ACTIVE
APT-005-023,BLDG-005,HYD-SOUTH,3BHK,2026-04-20,ACTIVE
APT-005-024,BLDG-005,HYD-SOUTH,2BHK,2026-01-29,ACTIVE
APT-005-025,BLDG-005,HYD-SOUTH,3BHK,2026-04-15,ACTIVE
APT-005-026,BLDG-005,HYD-SOUTH,2.5BHK,2026-02-14,ACTIVE
APT-005-027,BLDG-005,HYD-SOUTH,2BHK,2026-04-16,ACTIVE
APT-005-028,BLDG-005,HYD-SOUTH,1BHK,2026-01-29,ACTIVE
APT-005-029,BLDG-005,HYD-SOUTH,2BHK,2026-03-26,ACTIVE
APT-005-030,BLDG-005,HYD-SOUTH,2.5BHK,2026-02-21,ACTIVE
APT-005-031,BLDG-005,HYD-SOUTH,1BHK,2026-02-05,ACTIVE
APT-005-032,BLDG-005,HYD-SOUTH,2.5BHK,2026-04-09,ACTIVE
APT-005-033,BLDG-005,HYD-SOUTH,3BHK,2026-02-14,ACTIVE
APT-005-034,BLDG-005,HYD-SOUTH,2.5BHK,2026-03-28,ACTIVE
APT-005-035,BLDG-005,HYD-SOUTH,1BHK,2026-05-01,ACTIVE
APT-005-036,BLDG-005,HYD-SOUTH,2.5BHK,2026-01-15,ACTIVE
APT-005-037,BLDG-005,HYD-SOUTH,2.5BHK,2026-01-23,ACTIVE
APT-005-038,BLDG-005,HYD-SOUTH,1BHK,2026-01-05,ACTIVE
APT-005-039,BLDG-005,HYD-SOUTH,3BHK,2026-03-18,ACTIVE
APT-005-040,BLDG-005,HYD-SOUTH,2.5BHK,2026-02-14,ACTIVE
APT-005-041,BLDG-005,HYD-SOUTH,1BHK,2026-02-25,ACTIVE
APT-005-042,BLDG-005,HYD-SOUTH,2BHK,2026-02-19,ACTIVE
APT-005-043,BLDG-005,HYD-SOUTH,1BHK,2026-02-02,ACTIVE
APT-005-044,BLDG-005,HYD-SOUTH,3BHK,2026-04-01,ACTIVE
APT-005-045,BLDG-005,HYD-SOUTH,2BHK,2026-01-01,ACTIVE
APT-005-046,BLDG-005,HYD-SOUTH,3BHK,2026-02-16,ACTIVE
APT-005-047,BLDG-005,HYD-SOUTH,2.5BHK,2026-01-09,ACTIVE
APT-005-048,BLDG-005,HYD-SOUTH,2.5BHK,2026-03-21,ACTIVE
APT-005-049,BLDG-005,HYD-SOUTH,1BHK,2026-03-26,ACTIVE
APT-005-050,BLDG-005,HYD-SOUTH,2.5BHK,2026-04-03,ACTIVE
APT-006-001,BLDG-006,HYD-NORTH,2.5BHK,2026-03-06,ACTIVE
APT-006-002,BLDG-006,HYD-NORTH,3BHK,2026-03-27,ACTIVE
APT-006-003,BLDG-006,HYD-NORTH,3BHK,2026-02-11,ACTIVE
APT-006-004,BLDG-006,HYD-NORTH,2.5BHK,2026-03-31,ACTIVE
APT-006-005,BLDG-006,HYD-NORTH,2BHK,2026-03-12,ACTIVE
APT-006-006,BLDG-006,HYD-NORTH,3BHK,2026-01-25,ACTIVE
APT-006-007,BLDG-006,HYD-NORTH,3BHK,2026-03-27,ACTIVE
APT-006-008,BLDG-006,HYD-NORTH,2BHK,2026-03-28,ACTIVE
APT-006-009,BLDG-006,HYD-NORTH,2.5BHK,2026-03-20,ACTIVE
APT-006-010,BLDG-006,HYD-NORTH,1BHK,2026-02-21,ACTIVE
APT-006-011,BLDG-006,HYD-NORTH,2.5BHK,2026-02-08,ACTIVE
APT-006-012,BLDG-006,HYD-NORTH,3BHK,2026-01-27,ACTIVE
APT-006-013,BLDG-006,HYD-NORTH,2.5BHK,2026-04-11,ACTIVE
APT-006-014,BLDG-006,HYD-NORTH,3BHK,2026-03-01,ACTIVE
APT-006-015,BLDG-006,HYD-NORTH,2BHK,2026-02-26,ACTIVE
APT-006-016,BLDG-006,HYD-NORTH,3BHK,2026-03-07,ACTIVE
APT-006-017,BLDG-006,HYD-NORTH,2BHK,2026-04-12,ACTIVE
APT-006-018,BLDG-006,HYD-NORTH,1BHK,2026-03-26,ACTIVE
APT-006-019,BLDG-006,HYD-NORTH,2.5BHK,2026-02-06,ACTIVE
APT-006-020,BLDG-006,HYD-NORTH,2BHK,2026-01-12,ACTIVE
APT-006-021,BLDG-006,HYD-NORTH,2.5BHK,2026-03-28,ACTIVE
APT-006-022,BLDG-006,HYD-NORTH,2BHK,2026-01-29,ACTIVE
APT-006-023,BLDG-006,HYD-NORTH,1BHK,2026-01-19,ACTIVE
APT-006-024,BLDG-006,HYD-NORTH,2BHK,2026-01-06,ACTIVE
APT-006-025,BLDG-006,HYD-NORTH,1BHK,2026-03-02,ACTIVE
APT-006-026,BLDG-006,HYD-NORTH,3BHK,2026-02-28,ACTIVE
APT-006-027,BLDG-006,HYD-NORTH,2BHK,2026-04-24,ACTIVE
APT-006-028,BLDG-006,HYD-NORTH,3BHK,2026-04-02,ACTIVE
APT-006-029,BLDG-006,HYD-NORTH,3BHK,2026-03-05,ACTIVE
APT-006-030,BLDG-006,HYD-NORTH,2BHK,2026-02-01,ACTIVE
APT-006-031,BLDG-006,HYD-NORTH,1BHK,2026-03-25,ACTIVE
APT-006-032,BLDG-006,HYD-NORTH,1BHK,2026-04-25,ACTIVE
APT-006-033,BLDG-006,HYD-NORTH,3BHK,2026-04-10,ACTIVE
APT-006-034,BLDG-006,HYD-NORTH,2BHK,2026-01-29,ACTIVE
APT-006-035,BLDG-006,HYD-NORTH,3BHK,2026-04-13,ACTIVE
APT-006-036,BLDG-006,HYD-NORTH,2BHK,2026-01-07,ACTIVE
APT-006-037,BLDG-006,HYD-NORTH,1BHK,2026-04-28,ACTIVE
APT-006-038,BLDG-006,HYD-NORTH,2BHK,2026-02-28,ACTIVE
APT-006-039,BLDG-006,HYD-NORTH,3BHK,2026-04-13,ACTIVE
APT-006-040,BLDG-006,HYD-NORTH,2.5BHK,2026-03-27,ACTIVE
APT-006-041,BLDG-006,HYD-NORTH,3BHK,2026-04-07,ACTIVE
APT-006-042,BLDG-006,HYD-NORTH,3BHK,2026-03-20,ACTIVE
APT-006-043,BLDG-006,HYD-NORTH,3BHK,2026-04-17,ACTIVE
APT-006-044,BLDG-006,HYD-NORTH,2BHK,2026-04-25,ACTIVE
APT-006-045,BLDG-006,HYD-NORTH,3BHK,2026-04-06,ACTIVE
APT-006-046,BLDG-006,HYD-NORTH,2.5BHK,2026-02-27,ACTIVE
APT-006-047,BLDG-006,HYD-NORTH,2BHK,2026-04-07,ACTIVE
APT-006-048,BLDG-006,HYD-NORTH,2.5BHK,2026-04-18,ACTIVE
APT-006-049,BLDG-006,HYD-NORTH,3BHK,2026-04-09,ACTIVE
APT-006-050,BLDG-006,HYD-NORTH,2BHK,2026-03-22,ACTIVE
APT-007-001,BLDG-007,HYD-EAST,3BHK,2026-02-05,ACTIVE
APT-007-002,BLDG-007,HYD-EAST,2.5BHK,2026-01-10,ACTIVE
APT-007-003,BLDG-007,HYD-EAST,2.5BHK,2026-01-31,ACTIVE
APT-007-004,BLDG-007,HYD-EAST,2.5BHK,2026-02-12,ACTIVE
APT-007-005,BLDG-007,HYD-EAST,1BHK,2026-04-25,ACTIVE
APT-007-006,BLDG-007,HYD-EAST,2BHK,2026-01-18,ACTIVE
APT-007-007,BLDG-007,HYD-EAST,3BHK,2026-01-30,ACTIVE
APT-007-008,BLDG-007,HYD-EAST,2BHK,2026-03-30,ACTIVE
APT-007-009,BLDG-007,HYD-EAST,2BHK,2026-04-01,ACTIVE
APT-007-010,BLDG-007,HYD-EAST,3BHK,2026-01-09,ACTIVE
APT-007-011,BLDG-007,HYD-EAST,2.5BHK,2026-02-22,ACTIVE
APT-007-012,BLDG-007,HYD-EAST,3BHK,2026-03-11,ACTIVE
APT-007-013,BLDG-007,HYD-EAST,1BHK,2026-02-23,ACTIVE
APT-007-014,BLDG-007,HYD-EAST,3BHK,2026-01-27,ACTIVE
APT-007-015,BLDG-007,HYD-EAST,1BHK,2026-02-19,ACTIVE
APT-007-016,BLDG-007,HYD-EAST,3BHK,2026-04-20,ACTIVE
APT-007-017,BLDG-007,HYD-EAST,1BHK,2026-03-03,ACTIVE
APT-007-018,BLDG-007,HYD-EAST,2.5BHK,2026-05-01,ACTIVE
APT-007-019,BLDG-007,HYD-EAST,3BHK,2026-02-08,ACTIVE
APT-007-020,BLDG-007,HYD-EAST,3BHK,2026-04-20,ACTIVE
APT-007-021,BLDG-007,HYD-EAST,2BHK,2026-03-10,ACTIVE
APT-007-022,BLDG-007,HYD-EAST,2BHK,2026-03-04,ACTIVE
APT-007-023,BLDG-007,HYD-EAST,3BHK,2026-02-04,ACTIVE
APT-007-024,BLDG-007,HYD-EAST,1BHK,2026-03-04,ACTIVE
APT-007-025,BLDG-007,HYD-EAST,2.5BHK,2026-02-19,ACTIVE
APT-007-026,BLDG-007,HYD-EAST,3BHK,2026-03-27,ACTIVE
APT-007-027,BLDG-007,HYD-EAST,2BHK,2026-04-03,ACTIVE
APT-007-028,BLDG-007,HYD-EAST,3BHK,2026-04-18,ACTIVE
APT-007-029,BLDG-007,HYD-EAST,2BHK,2026-04-28,ACTIVE
APT-007-030,BLDG-007,HYD-EAST,1BHK,2026-03-21,ACTIVE
APT-007-031,BLDG-007,HYD-EAST,3BHK,2026-04-27,ACTIVE
APT-007-032,BLDG-007,HYD-EAST,1BHK,2026-03-17,ACTIVE
APT-007-033,BLDG-007,HYD-EAST,3BHK,2026-01-11,ACTIVE
APT-007-034,BLDG-007,HYD-EAST,3BHK,2026-01-18,ACTIVE
APT-007-035,BLDG-007,HYD-EAST,1BHK,2026-01-24,ACTIVE
APT-007-036,BLDG-007,HYD-EAST,3BHK,2026-02-03,ACTIVE
APT-007-037,BLDG-007,HYD-EAST,2BHK,2026-02-11,ACTIVE
APT-007-038,BLDG-007,HYD-EAST,2.5BHK,2026-02-28,ACTIVE
APT-007-039,BLDG-007,HYD-EAST,3BHK,2026-02-13,ACTIVE
APT-007-040,BLDG-007,HYD-EAST,3BHK,2026-02-05,ACTIVE
APT-007-041,BLDG-007,HYD-EAST,1BHK,2026-02-02,ACTIVE
APT-007-042,BLDG-007,HYD-EAST,1BHK,2026-03-02,ACTIVE
APT-007-043,BLDG-007,HYD-EAST,1BHK,2026-04-06,ACTIVE
APT-007-044,BLDG-007,HYD-EAST,2BHK,2026-02-14,ACTIVE
APT-007-045,BLDG-007,HYD-EAST,1BHK,2026-03-25,ACTIVE
APT-007-046,BLDG-007,HYD-EAST,1BHK,2026-04-10,ACTIVE
APT-007-047,BLDG-007,HYD-EAST,1BHK,2026-04-07,ACTIVE
APT-007-048,BLDG-007,HYD-EAST,2BHK,2026-02-01,ACTIVE
APT-007-049,BLDG-007,HYD-EAST,1BHK,2026-04-18,ACTIVE
APT-007-050,BLDG-007,HYD-EAST,2BHK,2026-03-21,ACTIVE
APT-008-001,BLDG-008,HYD-WEST,2BHK,2026-01-31,ACTIVE
APT-008-002,BLDG-008,HYD-WEST,1BHK,2026-03-02,ACTIVE
APT-008-003,BLDG-008,HYD-WEST,2BHK,2026-03-14,ACTIVE
APT-008-004,BLDG-008,HYD-WEST,2.5BHK,2026-03-01,ACTIVE
APT-008-005,BLDG-008,HYD-WEST,2.5BHK,2026-04-09,ACTIVE
APT-008-006,BLDG-008,HYD-WEST,1BHK,2026-01-22,ACTIVE
APT-008-007,BLDG-008,HYD-WEST,2BHK,2026-04-10,ACTIVE
APT-008-008,BLDG-008,HYD-WEST,1BHK,2026-02-09,ACTIVE
APT-008-009,BLDG-008,HYD-WEST,1BHK,2026-03-16,ACTIVE
APT-008-010,BLDG-008,HYD-WEST,2.5BHK,2026-04-29,ACTIVE
APT-008-011,BLDG-008,HYD-WEST,3BHK,2026-03-15,ACTIVE
APT-008-012,BLDG-008,HYD-WEST,2BHK,2026-02-20,ACTIVE
APT-008-013,BLDG-008,HYD-WEST,2BHK,2026-01-10,ACTIVE
APT-008-014,BLDG-008,HYD-WEST,2.5BHK,2026-01-14,ACTIVE
APT-008-015,BLDG-008,HYD-WEST,1BHK,2026-04-19,ACTIVE
APT-008-016,BLDG-008,HYD-WEST,1BHK,2026-04-12,ACTIVE
APT-008-017,BLDG-008,HYD-WEST,3BHK,2026-02-14,ACTIVE
APT-008-018,BLDG-008,HYD-WEST,2.5BHK,2026-03-26,ACTIVE
APT-008-019,BLDG-008,HYD-WEST,2.5BHK,2026-01-09,ACTIVE
APT-008-020,BLDG-008,HYD-WEST,3BHK,2026-01-02,ACTIVE
APT-008-021,BLDG-008,HYD-WEST,3BHK,2026-04-16,ACTIVE
APT-008-022,BLDG-008,HYD-WEST,3BHK,2026-01-14,ACTIVE
APT-008-023,BLDG-008,HYD-WEST,3BHK,2026-02-16,ACTIVE
APT-008-024,BLDG-008,HYD-WEST,2BHK,2026-04-01,ACTIVE
APT-008-025,BLDG-008,HYD-WEST,2BHK,2026-02-25,ACTIVE
APT-008-026,BLDG-008,HYD-WEST,2.5BHK,2026-04-04,ACTIVE
APT-008-027,BLDG-008,HYD-WEST,3BHK,2026-03-20,ACTIVE
APT-008-028,BLDG-008,HYD-WEST,3BHK,2026-03-01,ACTIVE
APT-008-029,BLDG-008,HYD-WEST,2.5BHK,2026-04-16,ACTIVE
APT-008-030,BLDG-008,HYD-WEST,2BHK,2026-02-11,ACTIVE
APT-008-031,BLDG-008,HYD-WEST,1BHK,2026-04-17,ACTIVE
APT-008-032,BLDG-008,HYD-WEST,3BHK,2026-02-05,ACTIVE
APT-008-033,BLDG-008,HYD-WEST,3BHK,2026-02-01,ACTIVE
APT-008-034,BLDG-008,HYD-WEST,3BHK,2026-03-14,ACTIVE
APT-008-035,BLDG-008,HYD-WEST,1BHK,2026-02-13,ACTIVE
APT-008-036,BLDG-008,HYD-WEST,2.5BHK,2026-03-05,ACTIVE
APT-008-037,BLDG-008,HYD-WEST,3BHK,2026-01-24,ACTIVE
APT-008-038,BLDG-008,HYD-WEST,2.5BHK,2026-01-28,ACTIVE
APT-008-039,BLDG-008,HYD-WEST,2.5BHK,2026-04-13,ACTIVE
APT-008-040,BLDG-008,HYD-WEST,2.5BHK,2026-02-13,ACTIVE
APT-008-041,BLDG-008,HYD-WEST,2.5BHK,2026-04-23,ACTIVE
APT-008-042,BLDG-008,HYD-WEST,1BHK,2026-03-13,ACTIVE
APT-008-043,BLDG-008,HYD-WEST,2BHK,2026-03-08,ACTIVE
APT-008-044,BLDG-008,HYD-WEST,2BHK,2026-01-11,ACTIVE
APT-008-045,BLDG-008,HYD-WEST,3BHK,2026-04-03,ACTIVE
APT-008-046,BLDG-008,HYD-WEST,2BHK,2026-03-04,ACTIVE
APT-008-047,BLDG-008,HYD-WEST,3BHK,2026-03-30,ACTIVE
APT-008-048,BLDG-008,HYD-WEST,3BHK,2026-03-24,ACTIVE
APT-008-049,BLDG-008,HYD-WEST,1BHK,2026-02-27,ACTIVE
APT-008-050,BLDG-008,HYD-WEST,2.5BHK,2026-01-12,ACTIVE
APT-009-001,BLDG-009,HYD-CENTRAL,3BHK,2026-01-29,ACTIVE
APT-009-002,BLDG-009,HYD-CENTRAL,2BHK,2026-03-30,ACTIVE
APT-009-003,BLDG-009,HYD-CENTRAL,2.5BHK,2026-02-09,ACTIVE
APT-009-004,BLDG-009,HYD-CENTRAL,2.5BHK,2026-03-02,ACTIVE
APT-009-005,BLDG-009,HYD-CENTRAL,2.5BHK,2026-02-24,ACTIVE
APT-009-006,BLDG-009,HYD-CENTRAL,3BHK,2026-02-15,ACTIVE
APT-009-007,BLDG-009,HYD-CENTRAL,2.5BHK,2026-02-04,ACTIVE
APT-009-008,BLDG-009,HYD-CENTRAL,2BHK,2026-02-02,ACTIVE
APT-009-009,BLDG-009,HYD-CENTRAL,2BHK,2026-01-16,ACTIVE
APT-009-010,BLDG-009,HYD-CENTRAL,1BHK,2026-02-10,ACTIVE
APT-009-011,BLDG-009,HYD-CENTRAL,2BHK,2026-04-06,ACTIVE
APT-009-012,BLDG-009,HYD-CENTRAL,2BHK,2026-01-25,ACTIVE
APT-009-013,BLDG-009,HYD-CENTRAL,3BHK,2026-04-05,ACTIVE
APT-009-014,BLDG-009,HYD-CENTRAL,2.5BHK,2026-02-05,ACTIVE
APT-009-015,BLDG-009,HYD-CENTRAL,2BHK,2026-01-13,ACTIVE
APT-009-016,BLDG-009,HYD-CENTRAL,2BHK,2026-02-07,ACTIVE
APT-009-017,BLDG-009,HYD-CENTRAL,2BHK,2026-02-16,ACTIVE
APT-009-018,BLDG-009,HYD-CENTRAL,1BHK,2026-02-08,ACTIVE
APT-009-019,BLDG-009,HYD-CENTRAL,2BHK,2026-04-01,ACTIVE
APT-009-020,BLDG-009,HYD-CENTRAL,1BHK,2026-02-05,ACTIVE
APT-009-021,BLDG-009,HYD-CENTRAL,2.5BHK,2026-01-07,ACTIVE
APT-009-022,BLDG-009,HYD-CENTRAL,2BHK,2026-03-31,ACTIVE
APT-009-023,BLDG-009,HYD-CENTRAL,3BHK,2026-03-23,ACTIVE
APT-009-024,BLDG-009,HYD-CENTRAL,1BHK,2026-01-14,ACTIVE
APT-009-025,BLDG-009,HYD-CENTRAL,2.5BHK,2026-03-15,ACTIVE
APT-009-026,BLDG-009,HYD-CENTRAL,3BHK,2026-03-02,ACTIVE
APT-009-027,BLDG-009,HYD-CENTRAL,2.5BHK,2026-02-26,ACTIVE
APT-009-028,BLDG-009,HYD-CENTRAL,1BHK,2026-01-24,ACTIVE
APT-009-029,BLDG-009,HYD-CENTRAL,3BHK,2026-02-02,ACTIVE
APT-009-030,BLDG-009,HYD-CENTRAL,1BHK,2026-01-15,ACTIVE
APT-009-031,BLDG-009,HYD-CENTRAL,3BHK,2026-02-21,ACTIVE
APT-009-032,BLDG-009,HYD-CENTRAL,1BHK,2026-01-10,ACTIVE
APT-009-033,BLDG-009,HYD-CENTRAL,2BHK,2026-01-20,ACTIVE
APT-009-034,BLDG-009,HYD-CENTRAL,2.5BHK,2026-04-14,ACTIVE
APT-009-035,BLDG-009,HYD-CENTRAL,2BHK,2026-01-11,ACTIVE
APT-009-036,BLDG-009,HYD-CENTRAL,3BHK,2026-01-16,ACTIVE
APT-009-037,BLDG-009,HYD-CENTRAL,2BHK,2026-03-19,ACTIVE
APT-009-038,BLDG-009,HYD-CENTRAL,3BHK,2026-04-10,ACTIVE
APT-009-039,BLDG-009,HYD-CENTRAL,3BHK,2026-02-27,ACTIVE
APT-009-040,BLDG-009,HYD-CENTRAL,3BHK,2026-02-08,ACTIVE
APT-009-041,BLDG-009,HYD-CENTRAL,1BHK,2026-02-09,ACTIVE
APT-009-042,BLDG-009,HYD-CENTRAL,1BHK,2026-03-20,ACTIVE
APT-009-043,BLDG-009,HYD-CENTRAL,2BHK,2026-04-08,ACTIVE
APT-009-044,BLDG-009,HYD-CENTRAL,2BHK,2026-03-22,ACTIVE
APT-009-045,BLDG-009,HYD-CENTRAL,1BHK,2026-02-03,ACTIVE
APT-009-046,BLDG-009,HYD-CENTRAL,2BHK,2026-01-21,ACTIVE
APT-009-047,BLDG-009,HYD-CENTRAL,1BHK,2026-01-23,ACTIVE
APT-009-048,BLDG-009,HYD-CENTRAL,1BHK,2026-01-21,ACTIVE
APT-009-049,BLDG-009,HYD-CENTRAL,3BHK,2026-02-22,ACTIVE
APT-009-050,BLDG-009,HYD-CENTRAL,3BHK,2026-03-30,ACTIVE
APT-010-001,BLDG-010,HYD-SOUTH,1BHK,2026-02-07,ACTIVE
APT-010-002,BLDG-010,HYD-SOUTH,2.5BHK,2026-01-30,ACTIVE
APT-010-003,BLDG-010,HYD-SOUTH,2.5BHK,2026-04-01,ACTIVE
APT-010-004,BLDG-010,HYD-SOUTH,3BHK,2026-03-31,ACTIVE
APT-010-005,BLDG-010,HYD-SOUTH,2BHK,2026-01-10,ACTIVE
APT-010-006,BLDG-010,HYD-SOUTH,2.5BHK,2026-04-29,ACTIVE
APT-010-007,BLDG-010,HYD-SOUTH,2BHK,2026-04-11,ACTIVE
APT-010-008,BLDG-010,HYD-SOUTH,1BHK,2026-02-24,ACTIVE
APT-010-009,BLDG-010,HYD-SOUTH,2BHK,2026-03-11,ACTIVE
APT-010-010,BLDG-010,HYD-SOUTH,2BHK,2026-03-24,ACTIVE
APT-010-011,BLDG-010,HYD-SOUTH,2.5BHK,2026-04-27,ACTIVE
APT-010-012,BLDG-010,HYD-SOUTH,2BHK,2026-04-16,ACTIVE
APT-010-013,BLDG-010,HYD-SOUTH,1BHK,2026-01-10,ACTIVE
APT-010-014,BLDG-010,HYD-SOUTH,2.5BHK,2026-01-22,ACTIVE
APT-010-015,BLDG-010,HYD-SOUTH,2.5BHK,2026-03-18,ACTIVE
APT-010-016,BLDG-010,HYD-SOUTH,1BHK,2026-02-26,ACTIVE
APT-010-017,BLDG-010,HYD-SOUTH,2.5BHK,2026-03-01,ACTIVE
APT-010-018,BLDG-010,HYD-SOUTH,3BHK,2026-03-31,ACTIVE
APT-010-019,BLDG-010,HYD-SOUTH,2.5BHK,2026-05-01,ACTIVE
APT-010-020,BLDG-010,HYD-SOUTH,3BHK,2026-03-06,ACTIVE
APT-010-021,BLDG-010,HYD-SOUTH,1BHK,2026-02-26,ACTIVE
APT-010-022,BLDG-010,HYD-SOUTH,1BHK,2026-03-18,ACTIVE
APT-010-023,BLDG-010,HYD-SOUTH,3BHK,2026-04-24,ACTIVE
APT-010-024,BLDG-010,HYD-SOUTH,2.5BHK,2026-04-05,ACTIVE
APT-010-025,BLDG-010,HYD-SOUTH,2.5BHK,2026-03-19,ACTIVE
APT-010-026,BLDG-010,HYD-SOUTH,1BHK,2026-01-04,ACTIVE
APT-010-027,BLDG-010,HYD-SOUTH,1BHK,2026-01-30,ACTIVE
APT-010-028,BLDG-010,HYD-SOUTH,2.5BHK,2026-04-08,ACTIVE
APT-010-029,BLDG-010,HYD-SOUTH,1BHK,2026-03-15,ACTIVE
APT-010-030,BLDG-010,HYD-SOUTH,2BHK,2026-04-08,ACTIVE
APT-010-031,BLDG-010,HYD-SOUTH,3BHK,2026-03-02,ACTIVE
APT-010-032,BLDG-010,HYD-SOUTH,2.5BHK,2026-04-28,ACTIVE
APT-010-033,BLDG-010,HYD-SOUTH,3BHK,2026-01-24,ACTIVE
APT-010-034,BLDG-010,HYD-SOUTH,3BHK,2026-03-23,ACTIVE
APT-010-035,BLDG-010,HYD-SOUTH,3BHK,2026-01-12,ACTIVE
APT-010-036,BLDG-010,HYD-SOUTH,3BHK,2026-02-14,ACTIVE
APT-010-037,BLDG-010,HYD-SOUTH,2.5BHK,2026-02-12,ACTIVE
APT-010-038,BLDG-010,HYD-SOUTH,1BHK,2026-03-27,ACTIVE
APT-010-039,BLDG-010,HYD-SOUTH,2BHK,2026-04-20,ACTIVE
APT-010-040,BLDG-010,HYD-SOUTH,3BHK,2026-02-12,ACTIVE
APT-010-041,BLDG-010,HYD-SOUTH,3BHK,2026-03-30,ACTIVE
APT-010-042,BLDG-010,HYD-SOUTH,3BHK,2026-02-06,ACTIVE
APT-010-043,BLDG-010,HYD-SOUTH,1BHK,2026-04-15,ACTIVE
APT-010-044,BLDG-010,HYD-SOUTH,1BHK,2026-02-28,ACTIVE
APT-010-045,BLDG-010,HYD-SOUTH,2.5BHK,2026-02-10,ACTIVE
APT-010-046,BLDG-010,HYD-SOUTH,1BHK,2026-02-11,ACTIVE
APT-010-047,BLDG-010,HYD-SOUTH,3BHK,2026-04-09,ACTIVE
APT-010-048,BLDG-010,HYD-SOUTH,1BHK,2026-04-21,ACTIVE
APT-010-049,BLDG-010,HYD-SOUTH,3BHK,2026-03-26,ACTIVE
APT-010-050,BLDG-010,HYD-SOUTH,1BHK,2026-02-22,ACTIVE
