assignment_id,apartment_id,service_type,device_id,plan_id,effective_from,effective_to,assignment_status
ASG-W-001-001,APT-001-001,WATER,WTR-001-001,WPLAN-001,2026-01-01,2026-12-31,ACTIVE
ASG-R-001-001,APT-001-001,RENTAL,RNT-001-001,RPLAN-003,2026-01-01,2026-12-31,ACTIVE
ASG-W-001-002,APT-001-002,WATER,WTR-001-002,WPLAN-001,2026-01-01,2026-12-31,ACTIVE
ASG-R-001-002,APT-001-002,RENTAL,RNT-001-002,RPLAN-001,2026-01-01,2026-12-31,ACTIVE
ASG-W-001-003,APT-001-003,WATER,WTR-001-003,WPLAN-002,2026-01-01,2026-12-31,ACTIVE
ASG-R-001-003,APT-001-003,RENTAL,RNT-001-003,RPLAN-001,2026-01-01,2026-12-31,ACTIVE
ASG-W-001-004,APT-001-004,WATER,WTR-001-004,WPLAN-003,2026-01-01,2026-12-31,ACTIVE
ASG-R-001-004,APT-001-004,RENTAL,RNT-001-004,RPLAN-001,2026-01-01,2026-12-31,ACTIVE
ASG-W-001-005,APT-001-005,WATER,WTR-001-005,WPLAN-001,2026-01-01,2026-12-31,ACTIVE
ASG-R-001-005,APT-001-005,RENTAL,RNT-001-005,RPLAN-003,2026-01-01,2026-12-31,ACTIVE
ASG-W-001-006,APT-001-006,WATER,WTR-001-006,WPLAN-001,2026-01-01,2026-12-31,ACTIVE
ASG-R-001-006,APT-001-006,RENTAL,RNT-001-006,RPLAN-001,2026-01-01,2026-12-31,ACTIVE
ASG-W-001-007,APT-001-007,WATER,WTR-001-007,WPLAN-001,2026-01-01,2026-12-31,ACTIVE
ASG-R-001-007,APT-001-007,RENTAL,RNT-001-007,RPLAN-003,2026-01-01,2026-12-31,ACTIVE
ASG-W-001-008,APT-001-008,WATER,WTR-001-008,WPLAN-002,2026-01-01,2026-12-31,ACTIVE
ASG-R-001-008,APT-001-008,RENTAL,RNT-001-008,RPLAN-002,2026-01-01,2026-12-31,ACTIVE
ASG-W-001-009,APT-001-009,WATER,WTR-001-009,WPLAN-001,2026-01-01,2026-12-31,ACTIVE
ASG-R-001-009,APT-001-009,RENTAL,RNT-001-009,RPLAN-003,2026-01-01,2026-12-31,ACTIVE
ASG-W-001-010,APT-001-010,WATER,WTR-001-010,WPLAN-003,2026-01-01,2026-12-31,ACTIVE
ASG-R-001-010,APT-001-010,RENTAL,RNT-001-010,RPLAN-003,2026-01-01,2026-12-31,ACTIVE
ASG-W-001-011,APT-001-011,WATER,WTR-001-011,WPLAN-003,2026-01-01,2026-12-31,ACTIVE
ASG-R-001-011,APT-001-011,RENTAL,RNT-001-011,RPLAN-002,2026-01-01,2026-12-31,ACTIVE
ASG-W-001-012,APT-001-012,WATER,WTR-001-012,WPLAN-003,2026-01-01,2026-12-31,ACTIVE
ASG-R-001-012,APT-001-012,RENTAL,RNT-001-012,RPLAN-002,2026-01-01,2026-12-31,ACTIVE
ASG-W-001-013,APT-001-013,WATER,WTR-001-013,WPLAN-001,2026-01-01,2026-12-31,ACTIVE
ASG-R-001-013,APT-001-013,RENTAL,RNT-001-013,RPLAN-001,2026-01-01,2026-12-31,ACTIVE
ASG-W-001-014,APT-001-014,WATER,WTR-001-014,WPLAN-003,2026-01-01,2026-12-31,ACTIVE
ASG-R-001-014,APT-001-014,RENTAL,RNT-001-014,RPLAN-003,2026-01-01,2026-12-31,ACTIVE
ASG-W-001-015,APT-001-015,WATER,WTR-001-015,WPLAN-002,2026-01-01,2026-12-31,ACTIVE
ASG-R-001-015,APT-001-015,RENTAL,RNT-001-015,RPLAN-001,2026-01-01,2026-12-31,ACTIVE
ASG-W-001-016,APT-001-016,WATER,WTR-001-016,WPLAN-001,2026-01-01,2026-12-31,ACTIVE
ASG-R-001-016,APT-001-016,RENTAL,RNT-001-016,RPLAN-003,2026-01-01,2026-12-31,ACTIVE
ASG-W-001-017,APT-001-017,WATER,WTR-001-017,WPLAN-003,2026-01-01,2026-12-31,ACTIVE
ASG-R-001-017,APT-001-017,RENTAL,RNT-001-017,RPLAN-002,2026-01-01,2026-12-31,ACTIVE
ASG-W-001-018,APT-001-018,WATER,WTR-001-018,WPLAN-003,2026-01-01,2026-12-31,ACTIVE
ASG-R-001-018,APT-001-018,RENTAL,RNT-001-018,RPLAN-002,2026-01-01,2026-12-31,ACTIVE
ASG-W-001-019,APT-001-019,WATER,WTR-001-019,WPLAN-001,2026-01-01,2026-12-31,ACTIVE
ASG-R-001-019,APT-001-019,RENTAL,RNT-001-019,RPLAN-003,2026-01-01,2026-12-31,ACTIVE
ASG-W-001-020,APT-001-020,WATER,WTR-001-020,WPLAN-003,2026-01-01,2026-12-31,ACTIVE
ASG-R-001-020,APT-001-020,RENTAL,RNT-001-020,RPLAN-003,2026-01-01,2026-12-31,ACTIVE
ASG-W-001-021,APT-001-021,WATER,WTR-001-021,WPLAN-002,2026-01-01,2026-12-31,ACTIVE
ASG-R-001-021,APT-001-021,RENTAL,RNT-001-021,RPLAN-001,2026-01-01,2026-12-31,ACTIVE
ASG-W-001-022,APT-001-022,WATER,WTR-001-022,WPLAN-001,2026-01-01,2026-12-31,ACTIVE
ASG-R-001-022,APT-001-022,RENTAL,RNT-001-022,RPLAN-001,2026-01-01,2026-12-31,ACTIVE
ASG-W-001-023,APT-001-023,WATER,WTR-001-023,WPLAN-003,2026-01-01,2026-12-31,ACTIVE
ASG-R-001-023,APT-001-023,RENTAL,RNT-001-023,RPLAN-001,2026-01-01,2026-12-31,ACTIVE
ASG-W-001-024,APT-001-024,WATER,WTR-001-024,WPLAN-001,2026-01-01,2026-12-31,ACTIVE
ASG-R-001-024,APT-001-024,RENTAL,RNT-001-024,RPLAN-001,2026-01-01,2026-12-31,ACTIVE
ASG-W-001-025,APT-001-025,WATER,WTR-001-025,WPLAN-003,2026-01-01,2026-12-31,ACTIVE
ASG-R-001-025,APT-001-025,RENTAL,RNT-001-025,RPLAN-003,2026-01-01,2026-12-31,ACTIVE
ASG-W-001-026,APT-001-026,WATER,WTR-001-026,WPLAN-002,2026-01-01,2026-12-31,ACTIVE
ASG-R-001-026,APT-001-026,RENTAL,RNT-001-026,RPLAN-002,2026-01-01,2026-12-31,ACTIVE
ASG-W-001-027,APT-001-027,WATER,WTR-001-027,WPLAN-002,2026-01-01,2026-12-31,ACTIVE
ASG-R-001-027,APT-001-027,RENTAL,RNT-001-027,RPLAN-002,2026-01-01,2026-12-31,ACTIVE
ASG-W-001-028,APT-001-028,WATER,WTR-001-028,WPLAN-001,2026-01-01,2026-12-31,ACTIVE
ASG-R-001-028,APT-001-028,RENTAL,RNT-001-028,RPLAN-002,2026-01-01,2026-12-31,ACTIVE
ASG-W-001-029,APT-001-029,WATER,WTR-001-029,WPLAN-002,2026-01-01,2026-12-31,ACTIVE
ASG-R-001-029,APT-001-029,RENTAL,RNT-001-029,RPLAN-002,2026-01-01,2026-12-31,ACTIVE
ASG-W-001-030,APT-001-030,WATER,WTR-001-030,WPLAN-003,2026-01-01,2026-12-31,ACTIVE
ASG-R-001-030,APT-001-030,RENTAL,RNT-001-030,RPLAN-001,2026-01-01,2026-12-31,ACTIVE
ASG-W-001-031,APT-001-031,WATER,WTR-001-031,WPLAN-003,2026-01-01,2026-12-31,ACTIVE
ASG-R-001-031,APT-001-031,RENTAL,RNT-001-031,RPLAN-001,2026-01-01,2026-12-31,ACTIVE
ASG-W-001-032,APT-001-032,WATER,WTR-001-032,WPLAN-002,2026-01-01,2026-12-31,ACTIVE
ASG-R-001-032,APT-001-032,RENTAL,RNT-001-032,RPLAN-003,2026-01-01,2026-12-31,ACTIVE
ASG-W-001-033,APT-001-033,WATER,WTR-001-033,WPLAN-001,2026-01-01,2026-12-31,ACTIVE
ASG-R-001-033,APT-001-033,RENTAL,RNT-001-033,RPLAN-003,2026-01-01,2026-12-31,ACTIVE
ASG-W-001-034,APT-001-034,WATER,WTR-001-034,WPLAN-003,2026-01-01,2026-12-31,ACTIVE
ASG-R-001-034,APT-001-034,RENTAL,RNT-001-034,RPLAN-001,2026-01-01,2026-12-31,ACTIVE
ASG-W-001-035,APT-001-035,WATER,WTR-001-035,WPLAN-001,2026-01-01,2026-12-31,ACTIVE
ASG-R-001-035,APT-001-035,RENTAL,RNT-001-035,RPLAN-002,2026-01-01,2026-12-31,ACTIVE
ASG-W-001-036,APT-001-036,WATER,WTR-001-036,WPLAN-002,2026-01-01,2026-12-31,ACTIVE
ASG-R-001-036,APT-001-036,RENTAL,RNT-001-036,RPLAN-002,2026-01-01,2026-12-31,ACTIVE
ASG-W-001-037,APT-001-037,WATER,WTR-001-037,WPLAN-003,2026-01-01,2026-12-31,ACTIVE
ASG-R-001-037,APT-001-037,RENTAL,RNT-001-037,RPLAN-002,2026-01-01,2026-12-31,ACTIVE
ASG-W-001-038,APT-001-038,WATER,WTR-001-038,WPLAN-001,2026-01-01,2026-12-31,ACTIVE
ASG-R-001-038,APT-001-038,RENTAL,RNT-001-038,RPLAN-003,2026-01-01,2026-12-31,ACTIVE
ASG-W-001-039,APT-001-039,WATER,WTR-001-039,WPLAN-001,2026-01-01,2026-12-31,ACTIVE
ASG-R-001-039,APT-001-039,RENTAL,RNT-001-039,RPLAN-003,2026-01-01,2026-12-31,ACTIVE
ASG-W-001-040,APT-001-040,WATER,WTR-001-040,WPLAN-001,2026-01-01,2026-12-31,ACTIVE
ASG-R-001-040,APT-001-040,RENTAL,RNT-001-040,RPLAN-001,2026-01-01,2026-12-31,ACTIVE
ASG-W-001-041,APT-001-041,WATER,WTR-001-041,WPLAN-002,2026-01-01,2026-12-31,ACTIVE
ASG-R-001-041,APT-001-041,RENTAL,RNT-001-041,RPLAN-002,2026-01-01,2026-12-31,ACTIVE
ASG-W-001-042,APT-001-042,WATER,WTR-001-042,WPLAN-003,2026-01-01,2026-12-31,ACTIVE
ASG-R-001-042,APT-001-042,RENTAL,RNT-001-042,RPLAN-002,2026-01-01,2026-12-31,ACTIVE
ASG-W-001-043,APT-001-043,WATER,WTR-001-043,WPLAN-003,2026-01-01,2026-12-31,ACTIVE
ASG-R-001-043,APT-001-043,RENTAL,RNT-001-043,RPLAN-001,2026-01-01,2026-12-31,ACTIVE
ASG-W-001-044,APT-001-044,WATER,WTR-001-044,WPLAN-003,2026-01-01,2026-12-31,ACTIVE
ASG-R-001-044,APT-001-044,RENTAL,RNT-001-044,RPLAN-001,2026-01-01,2026-12-31,ACTIVE
ASG-W-001-045,APT-001-045,WATER,WTR-001-045,WPLAN-001,2026-01-01,2026-12-31,ACTIVE
ASG-R-001-045,APT-001-045,RENTAL,RNT-001-045,RPLAN-001,2026-01-01,2026-12-31,ACTIVE
ASG-W-001-046,APT-001-046,WATER,WTR-001-046,WPLAN-003,2026-01-01,2026-12-31,ACTIVE
ASG-R-001-046,APT-001-046,RENTAL,RNT-001-046,RPLAN-003,2026-01-01,2026-12-31,ACTIVE
ASG-W-001-047,APT-001-047,WATER,WTR-001-047,WPLAN-002,2026-01-01,2026-12-31,ACTIVE
ASG-R-001-047,APT-001-047,RENTAL,RNT-001-047,RPLAN-002,2026-01-01,2026-12-31,ACTIVE
ASG-W-001-048,APT-001-048,WATER,WTR-001-048,WPLAN-001,2026-01-01,2026-12-31,ACTIVE
ASG-R-001-048,APT-001-048,RENTAL,RNT-001-048,RPLAN-001,2026-01-01,2026-12-31,ACTIVE
ASG-W-001-049,APT-001-049,WATER,WTR-001-049,WPLAN-003,2026-01-01,2026-12-31,ACTIVE
ASG-R-001-049,APT-001-049,RENTAL,RNT-001-049,RPLAN-002,2026-01-01,2026-12-31,ACTIVE
ASG-W-001-050,APT-001-050,WATER,WTR-001-050,WPLAN-003,2026-01-01,2026-12-31,ACTIVE
ASG-R-001-050,APT-001-050,RENTAL,RNT-001-050,RPLAN-003,2026-01-01,2026-12-31,ACTIVE
ASG-W-002-001,APT-002-001,WATER,WTR-002-001,WPLAN-003,2026-01-01,2026-12-31,ACTIVE
ASG-R-002-001,APT-002-001,RENTAL,RNT-002-001,RPLAN-001,2026-01-01,2026-12-31,ACTIVE
ASG-W-002-002,APT-002-002,WATER,WTR-002-002,WPLAN-001,2026-01-01,2026-12-31,ACTIVE
ASG-R-002-002,APT-002-002,RENTAL,RNT-002-002,RPLAN-002,2026-01-01,2026-12-31,ACTIVE
ASG-W-002-003,APT-002-003,WATER,WTR-002-003,WPLAN-001,2026-01-01,2026-12-31,ACTIVE
ASG-R-002-003,APT-002-003,RENTAL,RNT-002-003,RPLAN-001,2026-01-01,2026-12-31,ACTIVE
ASG-W-002-004,APT-002-004,WATER,WTR-002-004,WPLAN-003,2026-01-01,2026-12-31,ACTIVE
ASG-R-002-004,APT-002-004,RENTAL,RNT-002-004,RPLAN-001,2026-01-01,2026-12-31,ACTIVE
ASG-W-002-005,APT-002-005,WATER,WTR-002-005,WPLAN-003,2026-01-01,2026-12-31,ACTIVE
ASG-R-002-005,APT-002-005,RENTAL,RNT-002-005,RPLAN-002,2026-01-01,2026-12-31,ACTIVE
ASG-W-002-006,APT-002-006,WATER,WTR-002-006,WPLAN-001,2026-01-01,2026-12-31,ACTIVE
ASG-R-002-006,APT-002-006,RENTAL,RNT-002-006,RPLAN-002,2026-01-01,2026-12-31,ACTIVE
ASG-W-002-007,APT-002-007,WATER,WTR-002-007,WPLAN-001,2026-01-01,2026-12-31,ACTIVE
ASG-R-002-007,APT-002-007,RENTAL,RNT-002-007,RPLAN-003,2026-01-01,2026-12-31,ACTIVE
ASG-W-002-008,APT-002-008,WATER,WTR-002-008,WPLAN-001,2026-01-01,2026-12-31,ACTIVE
ASG-R-002-008,APT-002-008,RENTAL,RNT-002-008,RPLAN-003,2026-01-01,2026-12-31,ACTIVE
ASG-W-002-009,APT-002-009,WATER,WTR-002-009,WPLAN-002,2026-01-01,2026-12-31,ACTIVE
ASG-R-002-009,APT-002-009,RENTAL,RNT-002-009,RPLAN-003,2026-01-01,2026-12-31,ACTIVE
ASG-W-002-010,APT-002-010,WATER,WTR-002-010,WPLAN-003,2026-01-01,2026-12-31,ACTIVE
ASG-R-002-010,APT-002-010,RENTAL,RNT-002-010,RPLAN-002,2026-01-01,2026-12-31,ACTIVE
ASG-W-002-011,APT-002-011,WATER,WTR-002-011,WPLAN-002,2026-01-01,2026-12-31,ACTIVE
ASG-R-002-011,APT-002-011,RENTAL,RNT-002-011,RPLAN-003,2026-01-01,2026-12-31,ACTIVE
ASG-W-002-012,APT-002-012,WATER,WTR-002-012,WPLAN-001,2026-01-01,2026-12-31,ACTIVE
ASG-R-002-012,APT-002-012,RENTAL,RNT-002-012,RPLAN-003,2026-01-01,2026-12-31,ACTIVE
ASG-W-002-013,APT-002-013,WATER,WTR-002-013,WPLAN-003,2026-01-01,2026-12-31,ACTIVE
ASG-R-002-013,APT-002-013,RENTAL,RNT-002-013,RPLAN-001,2026-01-01,2026-12-31,ACTIVE
ASG-W-002-014,APT-002-014,WATER,WTR-002-014,WPLAN-003,2026-01-01,2026-12-31,ACTIVE
ASG-R-002-014,APT-002-014,RENTAL,RNT-002-014,RPLAN-003,2026-01-01,2026-12-31,ACTIVE
ASG-W-002-015,APT-002-015,WATER,WTR-002-015,WPLAN-002,2026-01-01,2026-12-31,ACTIVE
ASG-R-002-015,APT-002-015,RENTAL,RNT-002-015,RPLAN-001,2026-01-01,2026-12-31,ACTIVE
ASG-W-002-016,APT-002-016,WATER,WTR-002-016,WPLAN-001,2026-01-01,2026-12-31,ACTIVE
ASG-R-002-016,APT-002-016,RENTAL,RNT-002-016,RPLAN-002,2026-01-01,2026-12-31,ACTIVE
ASG-W-002-017,APT-002-017,WATER,WTR-002-017,WPLAN-001,2026-01-01,2026-12-31,ACTIVE
ASG-R-002-017,APT-002-017,RENTAL,RNT-002-017,RPLAN-001,2026-01-01,2026-12-31,ACTIVE
ASG-W-002-018,APT-002-018,WATER,WTR-002-018,WPLAN-002,2026-01-01,2026-12-31,ACTIVE
ASG-R-002-018,APT-002-018,RENTAL,RNT-002-018,RPLAN-003,2026-01-01,2026-12-31,ACTIVE
ASG-W-002-019,APT-002-019,WATER,WTR-002-019,WPLAN-003,2026-01-01,2026-12-31,ACTIVE
ASG-R-002-019,APT-002-019,RENTAL,RNT-002-019,RPLAN-003,2026-01-01,2026-12-31,ACTIVE
ASG-W-002-020,APT-002-020,WATER,WTR-002-020,WPLAN-002,2026-01-01,2026-12-31,ACTIVE
ASG-R-002-020,APT-002-020,RENTAL,RNT-002-020,RPLAN-002,2026-01-01,2026-12-31,ACTIVE
ASG-W-002-021,APT-002-021,WATER,WTR-002-021,WPLAN-001,2026-01-01,2026-12-31,ACTIVE
ASG-R-002-021,APT-002-021,RENTAL,RNT-002-021,RPLAN-003,2026-01-01,2026-12-31,ACTIVE
ASG-W-002-022,APT-002-022,WATER,WTR-002-022,WPLAN-002,2026-01-01,2026-12-31,ACTIVE
ASG-R-002-022,APT-002-022,RENTAL,RNT-002-022,RPLAN-002,2026-01-01,2026-12-31,ACTIVE
ASG-W-002-023,APT-002-023,WATER,WTR-002-023,WPLAN-002,2026-01-01,2026-12-31,ACTIVE
ASG-R-002-023,APT-002-023,RENTAL,RNT-002-023,RPLAN-001,2026-01-01,2026-12-31,ACTIVE
ASG-W-002-024,APT-002-024,WATER,WTR-002-024,WPLAN-002,2026-01-01,2026-12-31,ACTIVE
ASG-R-002-024,APT-002-024,RENTAL,RNT-002-024,RPLAN-003,2026-01-01,2026-12-31,ACTIVE
ASG-W-002-025,APT-002-025,WATER,WTR-002-025,WPLAN-002,2026-01-01,2026-12-31,ACTIVE
ASG-R-002-025,APT-002-025,RENTAL,RNT-002-025,RPLAN-002,2026-01-01,2026-12-31,ACTIVE
ASG-W-002-026,APT-002-026,WATER,WTR-002-026,WPLAN-001,2026-01-01,2026-12-31,ACTIVE
ASG-R-002-026,APT-002-026,RENTAL,RNT-002-026,RPLAN-003,2026-01-01,2026-12-31,ACTIVE
ASG-W-002-027,APT-002-027,WATER,WTR-002-027,WPLAN-003,2026-01-01,2026-12-31,ACTIVE
ASG-R-002-027,APT-002-027,RENTAL,RNT-002-027,RPLAN-003,2026-01-01,2026-12-31,ACTIVE
ASG-W-002-028,APT-002-028,WATER,WTR-002-028,WPLAN-002,2026-01-01,2026-12-31,ACTIVE
ASG-R-002-028,APT-002-028,RENTAL,RNT-002-028,RPLAN-001,2026-01-01,2026-12-31,ACTIVE
ASG-W-002-029,APT-002-029,WATER,WTR-002-029,WPLAN-003,2026-01-01,2026-12-31,ACTIVE
ASG-R-002-029,APT-002-029,RENTAL,RNT-002-029,RPLAN-002,2026-01-01,2026-12-31,ACTIVE
ASG-W-002-030,APT-002-030,WATER,WTR-002-030,WPLAN-001,2026-01-01,2026-12-31,ACTIVE
ASG-R-002-030,APT-002-030,RENTAL,RNT-002-030,RPLAN-003,2026-01-01,2026-12-31,ACTIVE
ASG-W-002-031,APT-002-031,WATER,WTR-002-031,WPLAN-001,2026-01-01,2026-12-31,ACTIVE
ASG-R-002-031,APT-002-031,RENTAL,RNT-002-031,RPLAN-001,2026-01-01,2026-12-31,ACTIVE
ASG-W-002-032,APT-002-032,WATER,WTR-002-032,WPLAN-002,2026-01-01,2026-12-31,ACTIVE
ASG-R-002-032,APT-002-032,RENTAL,RNT-002-032,RPLAN-001,2026-01-01,2026-12-31,ACTIVE
ASG-W-002-033,APT-002-033,WATER,WTR-002-033,WPLAN-002,2026-01-01,2026-12-31,ACTIVE
ASG-R-002-033,APT-002-033,RENTAL,RNT-002-033,RPLAN-003,2026-01-01,2026-12-31,ACTIVE
ASG-W-002-034,APT-002-034,WATER,WTR-002-034,WPLAN-003,2026-01-01,2026-12-31,ACTIVE
ASG-R-002-034,APT-002-034,RENTAL,RNT-002-034,RPLAN-001,2026-01-01,2026-12-31,ACTIVE
ASG-W-002-035,APT-002-035,WATER,WTR-002-035,WPLAN-003,2026-01-01,2026-12-31,ACTIVE
ASG-R-002-035,APT-002-035,RENTAL,RNT-002-035,RPLAN-002,2026-01-01,2026-12-31,ACTIVE
ASG-W-002-036,APT-002-036,WATER,WTR-002-036,WPLAN-002,2026-01-01,2026-12-31,ACTIVE
ASG-R-002-036,APT-002-036,RENTAL,RNT-002-036,RPLAN-002,2026-01-01,2026-12-31,ACTIVE
ASG-W-002-037,APT-002-037,WATER,WTR-002-037,WPLAN-001,2026-01-01,2026-12-31,ACTIVE
ASG-R-002-037,APT-002-037,RENTAL,RNT-002-037,RPLAN-001,2026-01-01,2026-12-31,ACTIVE
ASG-W-002-038,APT-002-038,WATER,WTR-002-038,WPLAN-001,2026-01-01,2026-12-31,ACTIVE
ASG-R-002-038,APT-002-038,RENTAL,RNT-002-038,RPLAN-002,2026-01-01,2026-12-31,ACTIVE
ASG-W-002-039,APT-002-039,WATER,WTR-002-039,WPLAN-002,2026-01-01,2026-12-31,ACTIVE
ASG-R-002-039,APT-002-039,RENTAL,RNT-002-039,RPLAN-002,2026-01-01,2026-12-31,ACTIVE
ASG-W-002-040,APT-002-040,WATER,WTR-002-040,WPLAN-002,2026-01-01,2026-12-31,ACTIVE
ASG-R-002-040,APT-002-040,RENTAL,RNT-002-040,RPLAN-001,2026-01-01,2026-12-31,ACTIVE
ASG-W-002-041,APT-002-041,WATER,WTR-002-041,WPLAN-001,2026-01-01,2026-12-31,ACTIVE
ASG-R-002-041,APT-002-041,RENTAL,RNT-002-041,RPLAN-001,2026-01-01,2026-12-31,ACTIVE
ASG-W-002-042,APT-002-042,WATER,WTR-002-042,WPLAN-001,2026-01-01,2026-12-31,ACTIVE
ASG-R-002-042,APT-002-042,RENTAL,RNT-002-042,RPLAN-002,2026-01-01,2026-12-31,ACTIVE
ASG-W-002-043,APT-002-043,WATER,WTR-002-043,WPLAN-002,2026-01-01,2026-12-31,ACTIVE
ASG-R-002-043,APT-002-043,RENTAL,RNT-002-043,RPLAN-003,2026-01-01,2026-12-31,ACTIVE
ASG-W-002-044,APT-002-044,WATER,WTR-002-044,WPLAN-003,2026-01-01,2026-12-31,ACTIVE
ASG-R-002-044,APT-002-044,RENTAL,RNT-002-044,RPLAN-003,2026-01-01,2026-12-31,ACTIVE
ASG-W-002-045,APT-002-045,WATER,WTR-002-045,WPLAN-002,2026-01-01,2026-12-31,ACTIVE
ASG-R-002-045,APT-002-045,RENTAL,RNT-002-045,RPLAN-001,2026-01-01,2026-12-31,ACTIVE
ASG-W-002-046,APT-002-046,WATER,WTR-002-046,WPLAN-001,2026-01-01,2026-12-31,ACTIVE
ASG-R-002-046,APT-002-046,RENTAL,RNT-002-046,RPLAN-001,2026-01-01,2026-12-31,ACTIVE
ASG-W-002-047,APT-002-047,WATER,WTR-002-047,WPLAN-002,2026-01-01,2026-12-31,ACTIVE
ASG-R-002-047,APT-002-047,RENTAL,RNT-002-047,RPLAN-003,2026-01-01,2026-12-31,ACTIVE
ASG-W-002-048,APT-002-048,WATER,WTR-002-048,WPLAN-001,2026-01-01,2026-12-31,ACTIVE
ASG-R-002-048,APT-002-048,RENTAL,RNT-002-048,RPLAN-003,2026-01-01,2026-12-31,ACTIVE
ASG-W-002-049,APT-002-049,WATER,WTR-002-049,WPLAN-003,2026-01-01,2026-12-31,ACTIVE
ASG-R-002-049,APT-002-049,RENTAL,RNT-002-049,RPLAN-002,2026-01-01,2026-12-31,ACTIVE
ASG-W-002-050,APT-002-050,WATER,WTR-002-050,WPLAN-002,2026-01-01,2026-12-31,ACTIVE
ASG-R-002-050,APT-002-050,RENTAL,RNT-002-050,RPLAN-001,2026-01-01,2026-12-31,ACTIVE
ASG-W-003-001,APT-003-001,WATER,WTR-003-001,WPLAN-002,2026-01-01,2026-12-31,ACTIVE
ASG-R-003-001,APT-003-001,RENTAL,RNT-003-001,RPLAN-002,2026-01-01,2026-12-31,ACTIVE
ASG-W-003-002,APT-003-002,WATER,WTR-003-002,WPLAN-002,2026-01-01,2026-12-31,ACTIVE
ASG-R-003-002,APT-003-002,RENTAL,RNT-003-002,RPLAN-001,2026-01-01,2026-12-31,ACTIVE
ASG-W-003-003,APT-003-003,WATER,WTR-003-003,WPLAN-003,2026-01-01,2026-12-31,ACTIVE
ASG-R-003-003,APT-003-003,RENTAL,RNT-003-003,RPLAN-003,2026-01-01,2026-12-31,ACTIVE
ASG-W-003-004,APT-003-004,WATER,WTR-003-004,WPLAN-001,2026-01-01,2026-12-31,ACTIVE
ASG-R-003-004,APT-003-004,RENTAL,RNT-003-004,RPLAN-003,2026-01-01,2026-12-31,ACTIVE
ASG-W-003-005,APT-003-005,WATER,WTR-003-005,WPLAN-003,2026-01-01,2026-12-31,ACTIVE
ASG-R-003-005,APT-003-005,RENTAL,RNT-003-005,RPLAN-001,2026-01-01,2026-12-31,ACTIVE
ASG-W-003-006,APT-003-006,WATER,WTR-003-006,WPLAN-003,2026-01-01,2026-12-31,ACTIVE
ASG-R-003-006,APT-003-006,RENTAL,RNT-003-006,RPLAN-002,2026-01-01,2026-12-31,ACTIVE
ASG-W-003-007,APT-003-007,WATER,WTR-003-007,WPLAN-001,2026-01-01,2026-12-31,ACTIVE
ASG-R-003-007,APT-003-007,RENTAL,RNT-003-007,RPLAN-001,2026-01-01,2026-12-31,ACTIVE
ASG-W-003-008,APT-003-008,WATER,WTR-003-008,WPLAN-002,2026-01-01,2026-12-31,ACTIVE
ASG-R-003-008,APT-003-008,RENTAL,RNT-003-008,RPLAN-002,2026-01-01,2026-12-31,ACTIVE
ASG-W-003-009,APT-003-009,WATER,WTR-003-009,WPLAN-002,2026-01-01,2026-12-31,ACTIVE
ASG-R-003-009,APT-003-009,RENTAL,RNT-003-009,RPLAN-002,2026-01-01,2026-12-31,ACTIVE
ASG-W-003-010,APT-003-010,WATER,WTR-003-010,WPLAN-001,2026-01-01,2026-12-31,ACTIVE
ASG-R-003-010,APT-003-010,RENTAL,RNT-003-010,RPLAN-001,2026-01-01,2026-12-31,ACTIVE
ASG-W-003-011,APT-003-011,WATER,WTR-003-011,WPLAN-001,2026-01-01,2026-12-31,ACTIVE
ASG-R-003-011,APT-003-011,RENTAL,RNT-003-011,RPLAN-002,2026-01-01,2026-12-31,ACTIVE
ASG-W-003-012,APT-003-012,WATER,WTR-003-012,WPLAN-002,2026-01-01,2026-12-31,ACTIVE
ASG-R-003-012,APT-003-012,RENTAL,RNT-003-012,RPLAN-002,2026-01-01,2026-12-31,ACTIVE
ASG-W-003-013,APT-003-013,WATER,WTR-003-013,WPLAN-002,2026-01-01,2026-12-31,ACTIVE
ASG-R-003-013,APT-003-013,RENTAL,RNT-003-013,RPLAN-002,2026-01-01,2026-12-31,ACTIVE
ASG-W-003-014,APT-003-014,WATER,WTR-003-014,WPLAN-001,2026-01-01,2026-12-31,ACTIVE
ASG-R-003-014,APT-003-014,RENTAL,RNT-003-014,RPLAN-002,2026-01-01,2026-12-31,ACTIVE
ASG-W-003-015,APT-003-015,WATER,WTR-003-015,WPLAN-002,2026-01-01,2026-12-31,ACTIVE
ASG-R-003-015,APT-003-015,RENTAL,RNT-003-015,RPLAN-001,2026-01-01,2026-12-31,ACTIVE
ASG-W-003-016,APT-003-016,WATER,WTR-003-016,WPLAN-003,2026-01-01,2026-12-31,ACTIVE
ASG-R-003-016,APT-003-016,RENTAL,RNT-003-016,RPLAN-003,2026-01-01,2026-12-31,ACTIVE
ASG-W-003-017,APT-003-017,WATER,WTR-003-017,WPLAN-002,2026-01-01,2026-12-31,ACTIVE
ASG-R-003-017,APT-003-017,RENTAL,RNT-003-017,RPLAN-003,2026-01-01,2026-12-31,ACTIVE
ASG-W-003-018,APT-003-018,WATER,WTR-003-018,WPLAN-003,2026-01-01,2026-12-31,ACTIVE
ASG-R-003-018,APT-003-018,RENTAL,RNT-003-018,RPLAN-001,2026-01-01,2026-12-31,ACTIVE
ASG-W-003-019,APT-003-019,WATER,WTR-003-019,WPLAN-002,2026-01-01,2026-12-31,ACTIVE
ASG-R-003-019,APT-003-019,RENTAL,RNT-003-019,RPLAN-001,2026-01-01,2026-12-31,ACTIVE
ASG-W-003-020,APT-003-020,WATER,WTR-003-020,WPLAN-001,2026-01-01,2026-12-31,ACTIVE
ASG-R-003-020,APT-003-020,RENTAL,RNT-003-020,RPLAN-002,2026-01-01,2026-12-31,ACTIVE
ASG-W-003-021,APT-003-021,WATER,WTR-003-021,WPLAN-001,2026-01-01,2026-12-31,ACTIVE
ASG-R-003-021,APT-003-021,RENTAL,RNT-003-021,RPLAN-002,2026-01-01,2026-12-31,ACTIVE
ASG-W-003-022,APT-003-022,WATER,WTR-003-022,WPLAN-002,2026-01-01,2026-12-31,ACTIVE
ASG-R-003-022,APT-003-022,RENTAL,RNT-003-022,RPLAN-003,2026-01-01,2026-12-31,ACTIVE
ASG-W-003-023,APT-003-023,WATER,WTR-003-023,WPLAN-002,2026-01-01,2026-12-31,ACTIVE
ASG-R-003-023,APT-003-023,RENTAL,RNT-003-023,RPLAN-002,2026-01-01,2026-12-31,ACTIVE
ASG-W-003-024,APT-003-024,WATER,WTR-003-024,WPLAN-002,2026-01-01,2026-12-31,ACTIVE
ASG-R-003-024,APT-003-024,RENTAL,RNT-003-024,RPLAN-002,2026-01-01,2026-12-31,ACTIVE
ASG-W-003-025,APT-003-025,WATER,WTR-003-025,WPLAN-002,2026-01-01,2026-12-31,ACTIVE
ASG-R-003-025,APT-003-025,RENTAL,RNT-003-025,RPLAN-003,2026-01-01,2026-12-31,ACTIVE
ASG-W-003-026,APT-003-026,WATER,WTR-003-026,WPLAN-003,2026-01-01,2026-12-31,ACTIVE
ASG-R-003-026,APT-003-026,RENTAL,RNT-003-026,RPLAN-001,2026-01-01,2026-12-31,ACTIVE
ASG-W-003-027,APT-003-027,WATER,WTR-003-027,WPLAN-002,2026-01-01,2026-12-31,ACTIVE
ASG-R-003-027,APT-003-027,RENTAL,RNT-003-027,RPLAN-002,2026-01-01,2026-12-31,ACTIVE
ASG-W-003-028,APT-003-028,WATER,WTR-003-028,WPLAN-003,2026-01-01,2026-12-31,ACTIVE
ASG-R-003-028,APT-003-028,RENTAL,RNT-003-028,RPLAN-003,2026-01-01,2026-12-31,ACTIVE
ASG-W-003-029,APT-003-029,WATER,WTR-003-029,WPLAN-001,2026-01-01,2026-12-31,ACTIVE
ASG-R-003-029,APT-003-029,RENTAL,RNT-003-029,RPLAN-002,2026-01-01,2026-12-31,ACTIVE
ASG-W-003-030,APT-003-030,WATER,WTR-003-030,WPLAN-002,2026-01-01,2026-12-31,ACTIVE
ASG-R-003-030,APT-003-030,RENTAL,RNT-003-030,RPLAN-001,2026-01-01,2026-12-31,ACTIVE
ASG-W-003-031,APT-003-031,WATER,WTR-003-031,WPLAN-002,2026-01-01,2026-12-31,ACTIVE
ASG-R-003-031,APT-003-031,RENTAL,RNT-003-031,RPLAN-002,2026-01-01,2026-12-31,ACTIVE
ASG-W-003-032,APT-003-032,WATER,WTR-003-032,WPLAN-002,2026-01-01,2026-12-31,ACTIVE
ASG-R-003-032,APT-003-032,RENTAL,RNT-003-032,RPLAN-003,2026-01-01,2026-12-31,ACTIVE
ASG-W-003-033,APT-003-033,WATER,WTR-003-033,WPLAN-003,2026-01-01,2026-12-31,ACTIVE
ASG-R-003-033,APT-003-033,RENTAL,RNT-003-033,RPLAN-003,2026-01-01,2026-12-31,ACTIVE
ASG-W-003-034,APT-003-034,WATER,WTR-003-034,WPLAN-002,2026-01-01,2026-12-31,ACTIVE
ASG-R-003-034,APT-003-034,RENTAL,RNT-003-034,RPLAN-003,2026-01-01,2026-12-31,ACTIVE
ASG-W-003-035,APT-003-035,WATER,WTR-003-035,WPLAN-001,2026-01-01,2026-12-31,ACTIVE
ASG-R-003-035,APT-003-035,RENTAL,RNT-003-035,RPLAN-002,2026-01-01,2026-12-31,ACTIVE
ASG-W-003-036,APT-003-036,WATER,WTR-003-036,WPLAN-002,2026-01-01,2026-12-31,ACTIVE
ASG-R-003-036,APT-003-036,RENTAL,RNT-003-036,RPLAN-002,2026-01-01,2026-12-31,ACTIVE
ASG-W-003-037,APT-003-037,WATER,WTR-003-037,WPLAN-002,2026-01-01,2026-12-31,ACTIVE
ASG-R-003-037,APT-003-037,RENTAL,RNT-003-037,RPLAN-002,2026-01-01,2026-12-31,ACTIVE
ASG-W-003-038,APT-003-038,WATER,WTR-003-038,WPLAN-001,2026-01-01,2026-12-31,ACTIVE
ASG-R-003-038,APT-003-038,RENTAL,RNT-003-038,RPLAN-003,2026-01-01,2026-12-31,ACTIVE
ASG-W-003-039,APT-003-039,WATER,WTR-003-039,WPLAN-001,2026-01-01,2026-12-31,ACTIVE
ASG-R-003-039,APT-003-039,RENTAL,RNT-003-039,RPLAN-003,2026-01-01,2026-12-31,ACTIVE
ASG-W-003-040,APT-003-040,WATER,WTR-003-040,WPLAN-003,2026-01-01,2026-12-31,ACTIVE
ASG-R-003-040,APT-003-040,RENTAL,RNT-003-040,RPLAN-001,2026-01-01,2026-12-31,ACTIVE
ASG-W-003-041,APT-003-041,WATER,WTR-003-041,WPLAN-003,2026-01-01,2026-12-31,ACTIVE
ASG-R-003-041,APT-003-041,RENTAL,RNT-003-041,RPLAN-003,2026-01-01,2026-12-31,ACTIVE
ASG-W-003-042,APT-003-042,WATER,WTR-003-042,WPLAN-001,2026-01-01,2026-12-31,ACTIVE
ASG-R-003-042,APT-003-042,RENTAL,RNT-003-042,RPLAN-003,2026-01-01,2026-12-31,ACTIVE
ASG-W-003-043,APT-003-043,WATER,WTR-003-043,WPLAN-002,2026-01-01,2026-12-31,ACTIVE
ASG-R-003-043,APT-003-043,RENTAL,RNT-003-043,RPLAN-003,2026-01-01,2026-12-31,ACTIVE
ASG-W-003-044,APT-003-044,WATER,WTR-003-044,WPLAN-001,2026-01-01,2026-12-31,ACTIVE
ASG-R-003-044,APT-003-044,RENTAL,RNT-003-044,RPLAN-002,2026-01-01,2026-12-31,ACTIVE
ASG-W-003-045,APT-003-045,WATER,WTR-003-045,WPLAN-002,2026-01-01,2026-12-31,ACTIVE
ASG-R-003-045,APT-003-045,RENTAL,RNT-003-045,RPLAN-003,2026-01-01,2026-12-31,ACTIVE
ASG-W-003-046,APT-003-046,WATER,WTR-003-046,WPLAN-001,2026-01-01,2026-12-31,ACTIVE
ASG-R-003-046,APT-003-046,RENTAL,RNT-003-046,RPLAN-002,2026-01-01,2026-12-31,ACTIVE
ASG-W-003-047,APT-003-047,WATER,WTR-003-047,WPLAN-003,2026-01-01,2026-12-31,ACTIVE
ASG-R-003-047,APT-003-047,RENTAL,RNT-003-047,RPLAN-002,2026-01-01,2026-12-31,ACTIVE
ASG-W-003-048,APT-003-048,WATER,WTR-003-048,WPLAN-001,2026-01-01,2026-12-31,ACTIVE
ASG-R-003-048,APT-003-048,RENTAL,RNT-003-048,RPLAN-003,2026-01-01,2026-12-31,ACTIVE
ASG-W-003-049,APT-003-049,WATER,WTR-003-049,WPLAN-002,2026-01-01,2026-12-31,ACTIVE
ASG-R-003-049,APT-003-049,RENTAL,RNT-003-049,RPLAN-001,2026-01-01,2026-12-31,ACTIVE
ASG-W-003-050,APT-003-050,WATER,WTR-003-050,WPLAN-002,2026-01-01,2026-12-31,ACTIVE
ASG-R-003-050,APT-003-050,RENTAL,RNT-003-050,RPLAN-003,2026-01-01,2026-12-31,ACTIVE
ASG-W-004-001,APT-004-001,WATER,WTR-004-001,WPLAN-001,2026-01-01,2026-12-31,ACTIVE
ASG-R-004-001,APT-004-001,RENTAL,RNT-004-001,RPLAN-003,2026-01-01,2026-12-31,ACTIVE
ASG-W-004-002,APT-004-002,WATER,WTR-004-002,WPLAN-002,2026-01-01,2026-12-31,ACTIVE
ASG-R-004-002,APT-004-002,RENTAL,RNT-004-002,RPLAN-002,2026-01-01,2026-12-31,ACTIVE
ASG-W-004-003,APT-004-003,WATER,WTR-004-003,WPLAN-001,2026-01-01,2026-12-31,ACTIVE
ASG-R-004-003,APT-004-003,RENTAL,RNT-004-003,RPLAN-002,2026-01-01,2026-12-31,ACTIVE
ASG-W-004-004,APT-004-004,WATER,WTR-004-004,WPLAN-003,2026-01-01,2026-12-31,ACTIVE
ASG-R-004-004,APT-004-004,RENTAL,RNT-004-004,RPLAN-002,2026-01-01,2026-12-31,ACTIVE
ASG-W-004-005,APT-004-005,WATER,WTR-004-005,WPLAN-003,2026-01-01,2026-12-31,ACTIVE
ASG-R-004-005,APT-004-005,RENTAL,RNT-004-005,RPLAN-002,2026-01-01,2026-12-31,ACTIVE
ASG-W-004-006,APT-004-006,WATER,WTR-004-006,WPLAN-003,2026-01-01,2026-12-31,ACTIVE
ASG-R-004-006,APT-004-006,RENTAL,RNT-004-006,RPLAN-003,2026-01-01,2026-12-31,ACTIVE
ASG-W-004-007,APT-004-007,WATER,WTR-004-007,WPLAN-003,2026-01-01,2026-12-31,ACTIVE
ASG-R-004-007,APT-004-007,RENTAL,RNT-004-007,RPLAN-002,2026-01-01,2026-12-31,ACTIVE
ASG-W-004-008,APT-004-008,WATER,WTR-004-008,WPLAN-003,2026-01-01,2026-12-31,ACTIVE
ASG-R-004-008,APT-004-008,RENTAL,RNT-004-008,RPLAN-001,2026-01-01,2026-12-31,ACTIVE
ASG-W-004-009,APT-004-009,WATER,WTR-004-009,WPLAN-002,2026-01-01,2026-12-31,ACTIVE
ASG-R-004-009,APT-004-009,RENTAL,RNT-004-009,RPLAN-003,2026-01-01,2026-12-31,ACTIVE
ASG-W-004-010,APT-004-010,WATER,WTR-004-010,WPLAN-003,2026-01-01,2026-12-31,ACTIVE
ASG-R-004-010,APT-004-010,RENTAL,RNT-004-010,RPLAN-003,2026-01-01,2026-12-31,ACTIVE
ASG-W-004-011,APT-004-011,WATER,WTR-004-011,WPLAN-003,2026-01-01,2026-12-31,ACTIVE
ASG-R-004-011,APT-004-011,RENTAL,RNT-004-011,RPLAN-001,2026-01-01,2026-12-31,ACTIVE
ASG-W-004-012,APT-004-012,WATER,WTR-004-012,WPLAN-001,2026-01-01,2026-12-31,ACTIVE
ASG-R-004-012,APT-004-012,RENTAL,RNT-004-012,RPLAN-001,2026-01-01,2026-12-31,ACTIVE
ASG-W-004-013,APT-004-013,WATER,WTR-004-013,WPLAN-003,2026-01-01,2026-12-31,ACTIVE
ASG-R-004-013,APT-004-013,RENTAL,RNT-004-013,RPLAN-003,2026-01-01,2026-12-31,ACTIVE
ASG-W-004-014,APT-004-014,WATER,WTR-004-014,WPLAN-002,2026-01-01,2026-12-31,ACTIVE
ASG-R-004-014,APT-004-014,RENTAL,RNT-004-014,RPLAN-001,2026-01-01,2026-12-31,ACTIVE
ASG-W-004-015,APT-004-015,WATER,WTR-004-015,WPLAN-003,2026-01-01,2026-12-31,ACTIVE
ASG-R-004-015,APT-004-015,RENTAL,RNT-004-015,RPLAN-003,2026-01-01,2026-12-31,ACTIVE
ASG-W-004-016,APT-004-016,WATER,WTR-004-016,WPLAN-001,2026-01-01,2026-12-31,ACTIVE
ASG-R-004-016,APT-004-016,RENTAL,RNT-004-016,RPLAN-003,2026-01-01,2026-12-31,ACTIVE
ASG-W-004-017,APT-004-017,WATER,WTR-004-017,WPLAN-003,2026-01-01,2026-12-31,ACTIVE
ASG-R-004-017,APT-004-017,RENTAL,RNT-004-017,RPLAN-003,2026-01-01,2026-12-31,ACTIVE
ASG-W-004-018,APT-004-018,WATER,WTR-004-018,WPLAN-003,2026-01-01,2026-12-31,ACTIVE
ASG-R-004-018,APT-004-018,RENTAL,RNT-004-018,RPLAN-002,2026-01-01,2026-12-31,ACTIVE
ASG-W-004-019,APT-004-019,WATER,WTR-004-019,WPLAN-002,2026-01-01,2026-12-31,ACTIVE
ASG-R-004-019,APT-004-019,RENTAL,RNT-004-019,RPLAN-002,2026-01-01,2026-12-31,ACTIVE
ASG-W-004-020,APT-004-020,WATER,WTR-004-020,WPLAN-001,2026-01-01,2026-12-31,ACTIVE
ASG-R-004-020,APT-004-020,RENTAL,RNT-004-020,RPLAN-001,2026-01-01,2026-12-31,ACTIVE
ASG-W-004-021,APT-004-021,WATER,WTR-004-021,WPLAN-001,2026-01-01,2026-12-31,ACTIVE
ASG-R-004-021,APT-004-021,RENTAL,RNT-004-021,RPLAN-002,2026-01-01,2026-12-31,ACTIVE
ASG-W-004-022,APT-004-022,WATER,WTR-004-022,WPLAN-001,2026-01-01,2026-12-31,ACTIVE
ASG-R-004-022,APT-004-022,RENTAL,RNT-004-022,RPLAN-003,2026-01-01,2026-12-31,ACTIVE
ASG-W-004-023,APT-004-023,WATER,WTR-004-023,WPLAN-003,2026-01-01,2026-12-31,ACTIVE
ASG-R-004-023,APT-004-023,RENTAL,RNT-004-023,RPLAN-003,2026-01-01,2026-12-31,ACTIVE
ASG-W-004-024,APT-004-024,WATER,WTR-004-024,WPLAN-003,2026-01-01,2026-12-31,ACTIVE
ASG-R-004-024,APT-004-024,RENTAL,RNT-004-024,RPLAN-003,2026-01-01,2026-12-31,ACTIVE
ASG-W-004-025,APT-004-025,WATER,WTR-004-025,WPLAN-003,2026-01-01,2026-12-31,ACTIVE
ASG-R-004-025,APT-004-025,RENTAL,RNT-004-025,RPLAN-003,2026-01-01,2026-12-31,ACTIVE
ASG-W-004-026,APT-004-026,WATER,WTR-004-026,WPLAN-001,2026-01-01,2026-12-31,ACTIVE
ASG-R-004-026,APT-004-026,RENTAL,RNT-004-026,RPLAN-002,2026-01-01,2026-12-31,ACTIVE
ASG-W-004-027,APT-004-027,WATER,WTR-004-027,WPLAN-002,2026-01-01,2026-12-31,ACTIVE
ASG-R-004-027,APT-004-027,RENTAL,RNT-004-027,RPLAN-002,2026-01-01,2026-12-31,ACTIVE
ASG-W-004-028,APT-004-028,WATER,WTR-004-028,WPLAN-002,2026-01-01,2026-12-31,ACTIVE
ASG-R-004-028,APT-004-028,RENTAL,RNT-004-028,RPLAN-003,2026-01-01,2026-12-31,ACTIVE
ASG-W-004-029,APT-004-029,WATER,WTR-004-029,WPLAN-003,2026-01-01,2026-12-31,ACTIVE
ASG-R-004-029,APT-004-029,RENTAL,RNT-004-029,RPLAN-003,2026-01-01,2026-12-31,ACTIVE
ASG-W-004-030,APT-004-030,WATER,WTR-004-030,WPLAN-003,2026-01-01,2026-12-31,ACTIVE
ASG-R-004-030,APT-004-030,RENTAL,RNT-004-030,RPLAN-001,2026-01-01,2026-12-31,ACTIVE
ASG-W-004-031,APT-004-031,WATER,WTR-004-031,WPLAN-002,2026-01-01,2026-12-31,ACTIVE
ASG-R-004-031,APT-004-031,RENTAL,RNT-004-031,RPLAN-001,2026-01-01,2026-12-31,ACTIVE
ASG-W-004-032,APT-004-032,WATER,WTR-004-032,WPLAN-002,2026-01-01,2026-12-31,ACTIVE
ASG-R-004-032,APT-004-032,RENTAL,RNT-004-032,RPLAN-001,2026-01-01,2026-12-31,ACTIVE
ASG-W-004-033,APT-004-033,WATER,WTR-004-033,WPLAN-002,2026-01-01,2026-12-31,ACTIVE
ASG-R-004-033,APT-004-033,RENTAL,RNT-004-033,RPLAN-002,2026-01-01,2026-12-31,ACTIVE
ASG-W-004-034,APT-004-034,WATER,WTR-004-034,WPLAN-001,2026-01-01,2026-12-31,ACTIVE
ASG-R-004-034,APT-004-034,RENTAL,RNT-004-034,RPLAN-001,2026-01-01,2026-12-31,ACTIVE
ASG-W-004-035,APT-004-035,WATER,WTR-004-035,WPLAN-003,2026-01-01,2026-12-31,ACTIVE
ASG-R-004-035,APT-004-035,RENTAL,RNT-004-035,RPLAN-001,2026-01-01,2026-12-31,ACTIVE
ASG-W-004-036,APT-004-036,WATER,WTR-004-036,WPLAN-002,2026-01-01,2026-12-31,ACTIVE
ASG-R-004-036,APT-004-036,RENTAL,RNT-004-036,RPLAN-002,2026-01-01,2026-12-31,ACTIVE
ASG-W-004-037,APT-004-037,WATER,WTR-004-037,WPLAN-002,2026-01-01,2026-12-31,ACTIVE
ASG-R-004-037,APT-004-037,RENTAL,RNT-004-037,RPLAN-002,2026-01-01,2026-12-31,ACTIVE
ASG-W-004-038,APT-004-038,WATER,WTR-004-038,WPLAN-001,2026-01-01,2026-12-31,ACTIVE
ASG-R-004-038,APT-004-038,RENTAL,RNT-004-038,RPLAN-003,2026-01-01,2026-12-31,ACTIVE
ASG-W-004-039,APT-004-039,WATER,WTR-004-039,WPLAN-002,2026-01-01,2026-12-31,ACTIVE
ASG-R-004-039,APT-004-039,RENTAL,RNT-004-039,RPLAN-002,2026-01-01,2026-12-31,ACTIVE
ASG-W-004-040,APT-004-040,WATER,WTR-004-040,WPLAN-002,2026-01-01,2026-12-31,ACTIVE
ASG-R-004-040,APT-004-040,RENTAL,RNT-004-040,RPLAN-001,2026-01-01,2026-12-31,ACTIVE
ASG-W-004-041,APT-004-041,WATER,WTR-004-041,WPLAN-002,2026-01-01,2026-12-31,ACTIVE
ASG-R-004-041,APT-004-041,RENTAL,RNT-004-041,RPLAN-003,2026-01-01,2026-12-31,ACTIVE
ASG-W-004-042,APT-004-042,WATER,WTR-004-042,WPLAN-003,2026-01-01,2026-12-31,ACTIVE
ASG-R-004-042,APT-004-042,RENTAL,RNT-004-042,RPLAN-002,2026-01-01,2026-12-31,ACTIVE
ASG-W-004-043,APT-004-043,WATER,WTR-004-043,WPLAN-002,2026-01-01,2026-12-31,ACTIVE
ASG-R-004-043,APT-004-043,RENTAL,RNT-004-043,RPLAN-001,2026-01-01,2026-12-31,ACTIVE
ASG-W-004-044,APT-004-044,WATER,WTR-004-044,WPLAN-002,2026-01-01,2026-12-31,ACTIVE
ASG-R-004-044,APT-004-044,RENTAL,RNT-004-044,RPLAN-001,2026-01-01,2026-12-31,ACTIVE
ASG-W-004-045,APT-004-045,WATER,WTR-004-045,WPLAN-003,2026-01-01,2026-12-31,ACTIVE
ASG-R-004-045,APT-004-045,RENTAL,RNT-004-045,RPLAN-001,2026-01-01,2026-12-31,ACTIVE
ASG-W-004-046,APT-004-046,WATER,WTR-004-046,WPLAN-001,2026-01-01,2026-12-31,ACTIVE
ASG-R-004-046,APT-004-046,RENTAL,RNT-004-046,RPLAN-002,2026-01-01,2026-12-31,ACTIVE
ASG-W-004-047,APT-004-047,WATER,WTR-004-047,WPLAN-003,2026-01-01,2026-12-31,ACTIVE
ASG-R-004-047,APT-004-047,RENTAL,RNT-004-047,RPLAN-001,2026-01-01,2026-12-31,ACTIVE
ASG-W-004-048,APT-004-048,WATER,WTR-004-048,WPLAN-003,2026-01-01,2026-12-31,ACTIVE
ASG-R-004-048,APT-004-048,RENTAL,RNT-004-048,RPLAN-001,2026-01-01,2026-12-31,ACTIVE
ASG-W-004-049,APT-004-049,WATER,WTR-004-049,WPLAN-003,2026-01-01,2026-12-31,ACTIVE
ASG-R-004-049,APT-004-049,RENTAL,RNT-004-049,RPLAN-001,2026-01-01,2026-12-31,ACTIVE
ASG-W-004-050,APT-004-050,WATER,WTR-004-050,WPLAN-003,2026-01-01,2026-12-31,ACTIVE
ASG-R-004-050,APT-004-050,RENTAL,RNT-004-050,RPLAN-001,2026-01-01,2026-12-31,ACTIVE
ASG-W-005-001,APT-005-001,WATER,WTR-005-001,WPLAN-003,2026-01-01,2026-12-31,ACTIVE
ASG-R-005-001,APT-005-001,RENTAL,RNT-005-001,RPLAN-001,2026-01-01,2026-12-31,ACTIVE
ASG-W-005-002,APT-005-002,WATER,WTR-005-002,WPLAN-002,2026-01-01,2026-12-31,ACTIVE
ASG-R-005-002,APT-005-002,RENTAL,RNT-005-002,RPLAN-003,2026-01-01,2026-12-31,ACTIVE
ASG-W-005-003,APT-005-003,WATER,WTR-005-003,WPLAN-002,2026-01-01,2026-12-31,ACTIVE
ASG-R-005-003,APT-005-003,RENTAL,RNT-005-003,RPLAN-002,2026-01-01,2026-12-31,ACTIVE
ASG-W-005-004,APT-005-004,WATER,WTR-005-004,WPLAN-001,2026-01-01,2026-12-31,ACTIVE
ASG-R-005-004,APT-005-004,RENTAL,RNT-005-004,RPLAN-002,2026-01-01,2026-12-31,ACTIVE
ASG-W-005-005,APT-005-005,WATER,WTR-005-005,WPLAN-003,2026-01-01,2026-12-31,ACTIVE
ASG-R-005-005,APT-005-005,RENTAL,RNT-005-005,RPLAN-001,2026-01-01,2026-12-31,ACTIVE
ASG-W-005-006,APT-005-006,WATER,WTR-005-006,WPLAN-001,2026-01-01,2026-12-31,ACTIVE
ASG-R-005-006,APT-005-006,RENTAL,RNT-005-006,RPLAN-003,2026-01-01,2026-12-31,ACTIVE
ASG-W-005-007,APT-005-007,WATER,WTR-005-007,WPLAN-003,2026-01-01,2026-12-31,ACTIVE
ASG-R-005-007,APT-005-007,RENTAL,RNT-005-007,RPLAN-002,2026-01-01,2026-12-31,ACTIVE
ASG-W-005-008,APT-005-008,WATER,WTR-005-008,WPLAN-002,2026-01-01,2026-12-31,ACTIVE
ASG-R-005-008,APT-005-008,RENTAL,RNT-005-008,RPLAN-001,2026-01-01,2026-12-31,ACTIVE
ASG-W-005-009,APT-005-009,WATER,WTR-005-009,WPLAN-003,2026-01-01,2026-12-31,ACTIVE
ASG-R-005-009,APT-005-009,RENTAL,RNT-005-009,RPLAN-003,2026-01-01,2026-12-31,ACTIVE
ASG-W-005-010,APT-005-010,WATER,WTR-005-010,WPLAN-001,2026-01-01,2026-12-31,ACTIVE
ASG-R-005-010,APT-005-010,RENTAL,RNT-005-010,RPLAN-002,2026-01-01,2026-12-31,ACTIVE
ASG-W-005-011,APT-005-011,WATER,WTR-005-011,WPLAN-003,2026-01-01,2026-12-31,ACTIVE
ASG-R-005-011,APT-005-011,RENTAL,RNT-005-011,RPLAN-002,2026-01-01,2026-12-31,ACTIVE
ASG-W-005-012,APT-005-012,WATER,WTR-005-012,WPLAN-002,2026-01-01,2026-12-31,ACTIVE
ASG-R-005-012,APT-005-012,RENTAL,RNT-005-012,RPLAN-001,2026-01-01,2026-12-31,ACTIVE
ASG-W-005-013,APT-005-013,WATER,WTR-005-013,WPLAN-003,2026-01-01,2026-12-31,ACTIVE
ASG-R-005-013,APT-005-013,RENTAL,RNT-005-013,RPLAN-001,2026-01-01,2026-12-31,ACTIVE
ASG-W-005-014,APT-005-014,WATER,WTR-005-014,WPLAN-001,2026-01-01,2026-12-31,ACTIVE
ASG-R-005-014,APT-005-014,RENTAL,RNT-005-014,RPLAN-002,2026-01-01,2026-12-31,ACTIVE
ASG-W-005-015,APT-005-015,WATER,WTR-005-015,WPLAN-003,2026-01-01,2026-12-31,ACTIVE
ASG-R-005-015,APT-005-015,RENTAL,RNT-005-015,RPLAN-001,2026-01-01,2026-12-31,ACTIVE
ASG-W-005-016,APT-005-016,WATER,WTR-005-016,WPLAN-003,2026-01-01,2026-12-31,ACTIVE
ASG-R-005-016,APT-005-016,RENTAL,RNT-005-016,RPLAN-001,2026-01-01,2026-12-31,ACTIVE
ASG-W-005-017,APT-005-017,WATER,WTR-005-017,WPLAN-003,2026-01-01,2026-12-31,ACTIVE
ASG-R-005-017,APT-005-017,RENTAL,RNT-005-017,RPLAN-001,2026-01-01,2026-12-31,ACTIVE
ASG-W-005-018,APT-005-018,WATER,WTR-005-018,WPLAN-002,2026-01-01,2026-12-31,ACTIVE
ASG-R-005-018,APT-005-018,RENTAL,RNT-005-018,RPLAN-002,2026-01-01,2026-12-31,ACTIVE
ASG-W-005-019,APT-005-019,WATER,WTR-005-019,WPLAN-001,2026-01-01,2026-12-31,ACTIVE
ASG-R-005-019,APT-005-019,RENTAL,RNT-005-019,RPLAN-002,2026-01-01,2026-12-31,ACTIVE
ASG-W-005-020,APT-005-020,WATER,WTR-005-020,WPLAN-001,2026-01-01,2026-12-31,ACTIVE
ASG-R-005-020,APT-005-020,RENTAL,RNT-005-020,RPLAN-002,2026-01-01,2026-12-31,ACTIVE
ASG-W-005-021,APT-005-021,WATER,WTR-005-021,WPLAN-003,2026-01-01,2026-12-31,ACTIVE
ASG-R-005-021,APT-005-021,RENTAL,RNT-005-021,RPLAN-002,2026-01-01,2026-12-31,ACTIVE
ASG-W-005-022,APT-005-022,WATER,WTR-005-022,WPLAN-003,2026-01-01,2026-12-31,ACTIVE
ASG-R-005-022,APT-005-022,RENTAL,RNT-005-022,RPLAN-003,2026-01-01,2026-12-31,ACTIVE
ASG-W-005-023,APT-005-023,WATER,WTR-005-023,WPLAN-002,2026-01-01,2026-12-31,ACTIVE
ASG-R-005-023,APT-005-023,RENTAL,RNT-005-023,RPLAN-003,2026-01-01,2026-12-31,ACTIVE
ASG-W-005-024,APT-005-024,WATER,WTR-005-024,WPLAN-002,2026-01-01,2026-12-31,ACTIVE
ASG-R-005-024,APT-005-024,RENTAL,RNT-005-024,RPLAN-003,2026-01-01,2026-12-31,ACTIVE
ASG-W-005-025,APT-005-025,WATER,WTR-005-025,WPLAN-002,2026-01-01,2026-12-31,ACTIVE
ASG-R-005-025,APT-005-025,RENTAL,RNT-005-025,RPLAN-003,2026-01-01,2026-12-31,ACTIVE
ASG-W-005-026,APT-005-026,WATER,WTR-005-026,WPLAN-001,2026-01-01,2026-12-31,ACTIVE
ASG-R-005-026,APT-005-026,RENTAL,RNT-005-026,RPLAN-002,2026-01-01,2026-12-31,ACTIVE
ASG-W-005-027,APT-005-027,WATER,WTR-005-027,WPLAN-002,2026-01-01,2026-12-31,ACTIVE
ASG-R-005-027,APT-005-027,RENTAL,RNT-005-027,RPLAN-002,2026-01-01,2026-12-31,ACTIVE
ASG-W-005-028,APT-005-028,WATER,WTR-005-028,WPLAN-003,2026-01-01,2026-12-31,ACTIVE
ASG-R-005-028,APT-005-028,RENTAL,RNT-005-028,RPLAN-001,2026-01-01,2026-12-31,ACTIVE
ASG-W-005-029,APT-005-029,WATER,WTR-005-029,WPLAN-003,2026-01-01,2026-12-31,ACTIVE
ASG-R-005-029,APT-005-029,RENTAL,RNT-005-029,RPLAN-003,2026-01-01,2026-12-31,ACTIVE
ASG-W-005-030,APT-005-030,WATER,WTR-005-030,WPLAN-002,2026-01-01,2026-12-31,ACTIVE
ASG-R-005-030,APT-005-030,RENTAL,RNT-005-030,RPLAN-003,2026-01-01,2026-12-31,ACTIVE
ASG-W-005-031,APT-005-031,WATER,WTR-005-031,WPLAN-003,2026-01-01,2026-12-31,ACTIVE
ASG-R-005-031,APT-005-031,RENTAL,RNT-005-031,RPLAN-001,2026-01-01,2026-12-31,ACTIVE
ASG-W-005-032,APT-005-032,WATER,WTR-005-032,WPLAN-003,2026-01-01,2026-12-31,ACTIVE
ASG-R-005-032,APT-005-032,RENTAL,RNT-005-032,RPLAN-001,2026-01-01,2026-12-31,ACTIVE
ASG-W-005-033,APT-005-033,WATER,WTR-005-033,WPLAN-002,2026-01-01,2026-12-31,ACTIVE
ASG-R-005-033,APT-005-033,RENTAL,RNT-005-033,RPLAN-001,2026-01-01,2026-12-31,ACTIVE
ASG-W-005-034,APT-005-034,WATER,WTR-005-034,WPLAN-001,2026-01-01,2026-12-31,ACTIVE
ASG-R-005-034,APT-005-034,RENTAL,RNT-005-034,RPLAN-002,2026-01-01,2026-12-31,ACTIVE
ASG-W-005-035,APT-005-035,WATER,WTR-005-035,WPLAN-001,2026-01-01,2026-12-31,ACTIVE
ASG-R-005-035,APT-005-035,RENTAL,RNT-005-035,RPLAN-001,2026-01-01,2026-12-31,ACTIVE
ASG-W-005-036,APT-005-036,WATER,WTR-005-036,WPLAN-002,2026-01-01,2026-12-31,ACTIVE
ASG-R-005-036,APT-005-036,RENTAL,RNT-005-036,RPLAN-003,2026-01-01,2026-12-31,ACTIVE
ASG-W-005-037,APT-005-037,WATER,WTR-005-037,WPLAN-001,2026-01-01,2026-12-31,ACTIVE
ASG-R-005-037,APT-005-037,RENTAL,RNT-005-037,RPLAN-003,2026-01-01,2026-12-31,ACTIVE
ASG-W-005-038,APT-005-038,WATER,WTR-005-038,WPLAN-002,2026-01-01,2026-12-31,ACTIVE
ASG-R-005-038,APT-005-038,RENTAL,RNT-005-038,RPLAN-002,2026-01-01,2026-12-31,ACTIVE
ASG-W-005-039,APT-005-039,WATER,WTR-005-039,WPLAN-003,2026-01-01,2026-12-31,ACTIVE
ASG-R-005-039,APT-005-039,RENTAL,RNT-005-039,RPLAN-001,2026-01-01,2026-12-31,ACTIVE
ASG-W-005-040,APT-005-040,WATER,WTR-005-040,WPLAN-003,2026-01-01,2026-12-31,ACTIVE
ASG-R-005-040,APT-005-040,RENTAL,RNT-005-040,RPLAN-002,2026-01-01,2026-12-31,ACTIVE
ASG-W-005-041,APT-005-041,WATER,WTR-005-041,WPLAN-002,2026-01-01,2026-12-31,ACTIVE
ASG-R-005-041,APT-005-041,RENTAL,RNT-005-041,RPLAN-001,2026-01-01,2026-12-31,ACTIVE
ASG-W-005-042,APT-005-042,WATER,WTR-005-042,WPLAN-002,2026-01-01,2026-12-31,ACTIVE
ASG-R-005-042,APT-005-042,RENTAL,RNT-005-042,RPLAN-003,2026-01-01,2026-12-31,ACTIVE
ASG-W-005-043,APT-005-043,WATER,WTR-005-043,WPLAN-003,2026-01-01,2026-12-31,ACTIVE
ASG-R-005-043,APT-005-043,RENTAL,RNT-005-043,RPLAN-003,2026-01-01,2026-12-31,ACTIVE
ASG-W-005-044,APT-005-044,WATER,WTR-005-044,WPLAN-003,2026-01-01,2026-12-31,ACTIVE
ASG-R-005-044,APT-005-044,RENTAL,RNT-005-044,RPLAN-001,2026-01-01,2026-12-31,ACTIVE
ASG-W-005-045,APT-005-045,WATER,WTR-005-045,WPLAN-003,2026-01-01,2026-12-31,ACTIVE
ASG-R-005-045,APT-005-045,RENTAL,RNT-005-045,RPLAN-001,2026-01-01,2026-12-31,ACTIVE
ASG-W-005-046,APT-005-046,WATER,WTR-005-046,WPLAN-002,2026-01-01,2026-12-31,ACTIVE
ASG-R-005-046,APT-005-046,RENTAL,RNT-005-046,RPLAN-002,2026-01-01,2026-12-31,ACTIVE
ASG-W-005-047,APT-005-047,WATER,WTR-005-047,WPLAN-001,2026-01-01,2026-12-31,ACTIVE
ASG-R-005-047,APT-005-047,RENTAL,RNT-005-047,RPLAN-001,2026-01-01,2026-12-31,ACTIVE
ASG-W-005-048,APT-005-048,WATER,WTR-005-048,WPLAN-002,2026-01-01,2026-12-31,ACTIVE
ASG-R-005-048,APT-005-048,RENTAL,RNT-005-048,RPLAN-002,2026-01-01,2026-12-31,ACTIVE
ASG-W-005-049,APT-005-049,WATER,WTR-005-049,WPLAN-003,2026-01-01,2026-12-31,ACTIVE
ASG-R-005-049,APT-005-049,RENTAL,RNT-005-049,RPLAN-001,2026-01-01,2026-12-31,ACTIVE
ASG-W-005-050,APT-005-050,WATER,WTR-005-050,WPLAN-002,2026-01-01,2026-12-31,ACTIVE
ASG-R-005-050,APT-005-050,RENTAL,RNT-005-050,RPLAN-001,2026-01-01,2026-12-31,ACTIVE
ASG-W-006-001,APT-006-001,WATER,WTR-006-001,WPLAN-002,2026-01-01,2026-12-31,ACTIVE
ASG-R-006-001,APT-006-001,RENTAL,RNT-006-001,RPLAN-001,2026-01-01,2026-12-31,ACTIVE
ASG-W-006-002,APT-006-002,WATER,WTR-006-002,WPLAN-001,2026-01-01,2026-12-31,ACTIVE
ASG-R-006-002,APT-006-002,RENTAL,RNT-006-002,RPLAN-002,2026-01-01,2026-12-31,ACTIVE
ASG-W-006-003,APT-006-003,WATER,WTR-006-003,WPLAN-003,2026-01-01,2026-12-31,ACTIVE
ASG-R-006-003,APT-006-003,RENTAL,RNT-006-003,RPLAN-003,2026-01-01,2026-12-31,ACTIVE
ASG-W-006-004,APT-006-004,WATER,WTR-006-004,WPLAN-003,2026-01-01,2026-12-31,ACTIVE
ASG-R-006-004,APT-006-004,RENTAL,RNT-006-004,RPLAN-002,2026-01-01,2026-12-31,ACTIVE
ASG-W-006-005,APT-006-005,WATER,WTR-006-005,WPLAN-002,2026-01-01,2026-12-31,ACTIVE
ASG-R-006-005,APT-006-005,RENTAL,RNT-006-005,RPLAN-003,2026-01-01,2026-12-31,ACTIVE
ASG-W-006-006,APT-006-006,WATER,WTR-006-006,WPLAN-002,2026-01-01,2026-12-31,ACTIVE
ASG-R-006-006,APT-006-006,RENTAL,RNT-006-006,RPLAN-002,2026-01-01,2026-12-31,ACTIVE
ASG-W-006-007,APT-006-007,WATER,WTR-006-007,WPLAN-003,2026-01-01,2026-12-31,ACTIVE
ASG-R-006-007,APT-006-007,RENTAL,RNT-006-007,RPLAN-002,2026-01-01,2026-12-31,ACTIVE
ASG-W-006-008,APT-006-008,WATER,WTR-006-008,WPLAN-002,2026-01-01,2026-12-31,ACTIVE
ASG-R-006-008,APT-006-008,RENTAL,RNT-006-008,RPLAN-001,2026-01-01,2026-12-31,ACTIVE
ASG-W-006-009,APT-006-009,WATER,WTR-006-009,WPLAN-001,2026-01-01,2026-12-31,ACTIVE
ASG-R-006-009,APT-006-009,RENTAL,RNT-006-009,RPLAN-003,2026-01-01,2026-12-31,ACTIVE
ASG-W-006-010,APT-006-010,WATER,WTR-006-010,WPLAN-001,2026-01-01,2026-12-31,ACTIVE
ASG-R-006-010,APT-006-010,RENTAL,RNT-006-010,RPLAN-001,2026-01-01,2026-12-31,ACTIVE
ASG-W-006-011,APT-006-011,WATER,WTR-006-011,WPLAN-002,2026-01-01,2026-12-31,ACTIVE
ASG-R-006-011,APT-006-011,RENTAL,RNT-006-011,RPLAN-001,2026-01-01,2026-12-31,ACTIVE
ASG-W-006-012,APT-006-012,WATER,WTR-006-012,WPLAN-002,2026-01-01,2026-12-31,ACTIVE
ASG-R-006-012,APT-006-012,RENTAL,RNT-006-012,RPLAN-001,2026-01-01,2026-12-31,ACTIVE
ASG-W-006-013,APT-006-013,WATER,WTR-006-013,WPLAN-003,2026-01-01,2026-12-31,ACTIVE
ASG-R-006-013,APT-006-013,RENTAL,RNT-006-013,RPLAN-002,2026-01-01,2026-12-31,ACTIVE
ASG-W-006-014,APT-006-014,WATER,WTR-006-014,WPLAN-001,2026-01-01,2026-12-31,ACTIVE
ASG-R-006-014,APT-006-014,RENTAL,RNT-006-014,RPLAN-002,2026-01-01,2026-12-31,ACTIVE
ASG-W-006-015,APT-006-015,WATER,WTR-006-015,WPLAN-003,2026-01-01,2026-12-31,ACTIVE
ASG-R-006-015,APT-006-015,RENTAL,RNT-006-015,RPLAN-003,2026-01-01,2026-12-31,ACTIVE
ASG-W-006-016,APT-006-016,WATER,WTR-006-016,WPLAN-002,2026-01-01,2026-12-31,ACTIVE
ASG-R-006-016,APT-006-016,RENTAL,RNT-006-016,RPLAN-003,2026-01-01,2026-12-31,ACTIVE
ASG-W-006-017,APT-006-017,WATER,WTR-006-017,WPLAN-003,2026-01-01,2026-12-31,ACTIVE
ASG-R-006-017,APT-006-017,RENTAL,RNT-006-017,RPLAN-001,2026-01-01,2026-12-31,ACTIVE
ASG-W-006-018,APT-006-018,WATER,WTR-006-018,WPLAN-003,2026-01-01,2026-12-31,ACTIVE
ASG-R-006-018,APT-006-018,RENTAL,RNT-006-018,RPLAN-001,2026-01-01,2026-12-31,ACTIVE
ASG-W-006-019,APT-006-019,WATER,WTR-006-019,WPLAN-002,2026-01-01,2026-12-31,ACTIVE
ASG-R-006-019,APT-006-019,RENTAL,RNT-006-019,RPLAN-003,2026-01-01,2026-12-31,ACTIVE
ASG-W-006-020,APT-006-020,WATER,WTR-006-020,WPLAN-002,2026-01-01,2026-12-31,ACTIVE
ASG-R-006-020,APT-006-020,RENTAL,RNT-006-020,RPLAN-003,2026-01-01,2026-12-31,ACTIVE
ASG-W-006-021,APT-006-021,WATER,WTR-006-021,WPLAN-001,2026-01-01,2026-12-31,ACTIVE
ASG-R-006-021,APT-006-021,RENTAL,RNT-006-021,RPLAN-003,2026-01-01,2026-12-31,ACTIVE
ASG-W-006-022,APT-006-022,WATER,WTR-006-022,WPLAN-002,2026-01-01,2026-12-31,ACTIVE
ASG-R-006-022,APT-006-022,RENTAL,RNT-006-022,RPLAN-003,2026-01-01,2026-12-31,ACTIVE
ASG-W-006-023,APT-006-023,WATER,WTR-006-023,WPLAN-001,2026-01-01,2026-12-31,ACTIVE
ASG-R-006-023,APT-006-023,RENTAL,RNT-006-023,RPLAN-002,2026-01-01,2026-12-31,ACTIVE
ASG-W-006-024,APT-006-024,WATER,WTR-006-024,WPLAN-001,2026-01-01,2026-12-31,ACTIVE
ASG-R-006-024,APT-006-024,RENTAL,RNT-006-024,RPLAN-003,2026-01-01,2026-12-31,ACTIVE
ASG-W-006-025,APT-006-025,WATER,WTR-006-025,WPLAN-003,2026-01-01,2026-12-31,ACTIVE
ASG-R-006-025,APT-006-025,RENTAL,RNT-006-025,RPLAN-001,2026-01-01,2026-12-31,ACTIVE
ASG-W-006-026,APT-006-026,WATER,WTR-006-026,WPLAN-002,2026-01-01,2026-12-31,ACTIVE
ASG-R-006-026,APT-006-026,RENTAL,RNT-006-026,RPLAN-001,2026-01-01,2026-12-31,ACTIVE
ASG-W-006-027,APT-006-027,WATER,WTR-006-027,WPLAN-002,2026-01-01,2026-12-31,ACTIVE
ASG-R-006-027,APT-006-027,RENTAL,RNT-006-027,RPLAN-002,2026-01-01,2026-12-31,ACTIVE
ASG-W-006-028,APT-006-028,WATER,WTR-006-028,WPLAN-002,2026-01-01,2026-12-31,ACTIVE
ASG-R-006-028,APT-006-028,RENTAL,RNT-006-028,RPLAN-001,2026-01-01,2026-12-31,ACTIVE
ASG-W-006-029,APT-006-029,WATER,WTR-006-029,WPLAN-002,2026-01-01,2026-12-31,ACTIVE
ASG-R-006-029,APT-006-029,RENTAL,RNT-006-029,RPLAN-001,2026-01-01,2026-12-31,ACTIVE
ASG-W-006-030,APT-006-030,WATER,WTR-006-030,WPLAN-001,2026-01-01,2026-12-31,ACTIVE
ASG-R-006-030,APT-006-030,RENTAL,RNT-006-030,RPLAN-001,2026-01-01,2026-12-31,ACTIVE
ASG-W-006-031,APT-006-031,WATER,WTR-006-031,WPLAN-003,2026-01-01,2026-12-31,ACTIVE
ASG-R-006-031,APT-006-031,RENTAL,RNT-006-031,RPLAN-003,2026-01-01,2026-12-31,ACTIVE
ASG-W-006-032,APT-006-032,WATER,WTR-006-032,WPLAN-003,2026-01-01,2026-12-31,ACTIVE
ASG-R-006-032,APT-006-032,RENTAL,RNT-006-032,RPLAN-002,2026-01-01,2026-12-31,ACTIVE
ASG-W-006-033,APT-006-033,WATER,WTR-006-033,WPLAN-003,2026-01-01,2026-12-31,ACTIVE
ASG-R-006-033,APT-006-033,RENTAL,RNT-006-033,RPLAN-003,2026-01-01,2026-12-31,ACTIVE
ASG-W-006-034,APT-006-034,WATER,WTR-006-034,WPLAN-003,2026-01-01,2026-12-31,ACTIVE
ASG-R-006-034,APT-006-034,RENTAL,RNT-006-034,RPLAN-002,2026-01-01,2026-12-31,ACTIVE
ASG-W-006-035,APT-006-035,WATER,WTR-006-035,WPLAN-001,2026-01-01,2026-12-31,ACTIVE
ASG-R-006-035,APT-006-035,RENTAL,RNT-006-035,RPLAN-003,2026-01-01,2026-12-31,ACTIVE
ASG-W-006-036,APT-006-036,WATER,WTR-006-036,WPLAN-001,2026-01-01,2026-12-31,ACTIVE
ASG-R-006-036,APT-006-036,RENTAL,RNT-006-036,RPLAN-001,2026-01-01,2026-12-31,ACTIVE
ASG-W-006-037,APT-006-037,WATER,WTR-006-037,WPLAN-001,2026-01-01,2026-12-31,ACTIVE
ASG-R-006-037,APT-006-037,RENTAL,RNT-006-037,RPLAN-001,2026-01-01,2026-12-31,ACTIVE
ASG-W-006-038,APT-006-038,WATER,WTR-006-038,WPLAN-003,2026-01-01,2026-12-31,ACTIVE
ASG-R-006-038,APT-006-038,RENTAL,RNT-006-038,RPLAN-002,2026-01-01,2026-12-31,ACTIVE
ASG-W-006-039,APT-006-039,WATER,WTR-006-039,WPLAN-003,2026-01-01,2026-12-31,ACTIVE
ASG-R-006-039,APT-006-039,RENTAL,RNT-006-039,RPLAN-002,2026-01-01,2026-12-31,ACTIVE
ASG-W-006-040,APT-006-040,WATER,WTR-006-040,WPLAN-003,2026-01-01,2026-12-31,ACTIVE
ASG-R-006-040,APT-006-040,RENTAL,RNT-006-040,RPLAN-003,2026-01-01,2026-12-31,ACTIVE
ASG-W-006-041,APT-006-041,WATER,WTR-006-041,WPLAN-001,2026-01-01,2026-12-31,ACTIVE
ASG-R-006-041,APT-006-041,RENTAL,RNT-006-041,RPLAN-002,2026-01-01,2026-12-31,ACTIVE
ASG-W-006-042,APT-006-042,WATER,WTR-006-042,WPLAN-003,2026-01-01,2026-12-31,ACTIVE
ASG-R-006-042,APT-006-042,RENTAL,RNT-006-042,RPLAN-002,2026-01-01,2026-12-31,ACTIVE
ASG-W-006-043,APT-006-043,WATER,WTR-006-043,WPLAN-002,2026-01-01,2026-12-31,ACTIVE
ASG-R-006-043,APT-006-043,RENTAL,RNT-006-043,RPLAN-003,2026-01-01,2026-12-31,ACTIVE
ASG-W-006-044,APT-006-044,WATER,WTR-006-044,WPLAN-002,2026-01-01,2026-12-31,ACTIVE
ASG-R-006-044,APT-006-044,RENTAL,RNT-006-044,RPLAN-003,2026-01-01,2026-12-31,ACTIVE
ASG-W-006-045,APT-006-045,WATER,WTR-006-045,WPLAN-003,2026-01-01,2026-12-31,ACTIVE
ASG-R-006-045,APT-006-045,RENTAL,RNT-006-045,RPLAN-001,2026-01-01,2026-12-31,ACTIVE
ASG-W-006-046,APT-006-046,WATER,WTR-006-046,WPLAN-001,2026-01-01,2026-12-31,ACTIVE
ASG-R-006-046,APT-006-046,RENTAL,RNT-006-046,RPLAN-002,2026-01-01,2026-12-31,ACTIVE
ASG-W-006-047,APT-006-047,WATER,WTR-006-047,WPLAN-001,2026-01-01,2026-12-31,ACTIVE
ASG-R-006-047,APT-006-047,RENTAL,RNT-006-047,RPLAN-002,2026-01-01,2026-12-31,ACTIVE
ASG-W-006-048,APT-006-048,WATER,WTR-006-048,WPLAN-003,2026-01-01,2026-12-31,ACTIVE
ASG-R-006-048,APT-006-048,RENTAL,RNT-006-048,RPLAN-001,2026-01-01,2026-12-31,ACTIVE
ASG-W-006-049,APT-006-049,WATER,WTR-006-049,WPLAN-003,2026-01-01,2026-12-31,ACTIVE
ASG-R-006-049,APT-006-049,RENTAL,RNT-006-049,RPLAN-001,2026-01-01,2026-12-31,ACTIVE
ASG-W-006-050,APT-006-050,WATER,WTR-006-050,WPLAN-001,2026-01-01,2026-12-31,ACTIVE
ASG-R-006-050,APT-006-050,RENTAL,RNT-006-050,RPLAN-001,2026-01-01,2026-12-31,ACTIVE
ASG-W-007-001,APT-007-001,WATER,WTR-007-001,WPLAN-003,2026-01-01,2026-12-31,ACTIVE
ASG-R-007-001,APT-007-001,RENTAL,RNT-007-001,RPLAN-002,2026-01-01,2026-12-31,ACTIVE
ASG-W-007-002,APT-007-002,WATER,WTR-007-002,WPLAN-001,2026-01-01,2026-12-31,ACTIVE
ASG-R-007-002,APT-007-002,RENTAL,RNT-007-002,RPLAN-003,2026-01-01,2026-12-31,ACTIVE
ASG-W-007-003,APT-007-003,WATER,WTR-007-003,WPLAN-002,2026-01-01,2026-12-31,ACTIVE
ASG-R-007-003,APT-007-003,RENTAL,RNT-007-003,RPLAN-002,2026-01-01,2026-12-31,ACTIVE
ASG-W-007-004,APT-007-004,WATER,WTR-007-004,WPLAN-001,2026-01-01,2026-12-31,ACTIVE
ASG-R-007-004,APT-007-004,RENTAL,RNT-007-004,RPLAN-003,2026-01-01,2026-12-31,ACTIVE
ASG-W-007-005,APT-007-005,WATER,WTR-007-005,WPLAN-003,2026-01-01,2026-12-31,ACTIVE
ASG-R-007-005,APT-007-005,RENTAL,RNT-007-005,RPLAN-002,2026-01-01,2026-12-31,ACTIVE
ASG-W-007-006,APT-007-006,WATER,WTR-007-006,WPLAN-003,2026-01-01,2026-12-31,ACTIVE
ASG-R-007-006,APT-007-006,RENTAL,RNT-007-006,RPLAN-002,2026-01-01,2026-12-31,ACTIVE
ASG-W-007-007,APT-007-007,WATER,WTR-007-007,WPLAN-002,2026-01-01,2026-12-31,ACTIVE
ASG-R-007-007,APT-007-007,RENTAL,RNT-007-007,RPLAN-002,2026-01-01,2026-12-31,ACTIVE
ASG-W-007-008,APT-007-008,WATER,WTR-007-008,WPLAN-001,2026-01-01,2026-12-31,ACTIVE
ASG-R-007-008,APT-007-008,RENTAL,RNT-007-008,RPLAN-003,2026-01-01,2026-12-31,ACTIVE
ASG-W-007-009,APT-007-009,WATER,WTR-007-009,WPLAN-001,2026-01-01,2026-12-31,ACTIVE
ASG-R-007-009,APT-007-009,RENTAL,RNT-007-009,RPLAN-002,2026-01-01,2026-12-31,ACTIVE
ASG-W-007-010,APT-007-010,WATER,WTR-007-010,WPLAN-003,2026-01-01,2026-12-31,ACTIVE
ASG-R-007-010,APT-007-010,RENTAL,RNT-007-010,RPLAN-003,2026-01-01,2026-12-31,ACTIVE
ASG-W-007-011,APT-007-011,WATER,WTR-007-011,WPLAN-002,2026-01-01,2026-12-31,ACTIVE
ASG-R-007-011,APT-007-011,RENTAL,RNT-007-011,RPLAN-003,2026-01-01,2026-12-31,ACTIVE
ASG-W-007-012,APT-007-012,WATER,WTR-007-012,WPLAN-002,2026-01-01,2026-12-31,ACTIVE
ASG-R-007-012,APT-007-012,RENTAL,RNT-007-012,RPLAN-002,2026-01-01,2026-12-31,ACTIVE
ASG-W-007-013,APT-007-013,WATER,WTR-007-013,WPLAN-002,2026-01-01,2026-12-31,ACTIVE
ASG-R-007-013,APT-007-013,RENTAL,RNT-007-013,RPLAN-002,2026-01-01,2026-12-31,ACTIVE
ASG-W-007-014,APT-007-014,WATER,WTR-007-014,WPLAN-003,2026-01-01,2026-12-31,ACTIVE
ASG-R-007-014,APT-007-014,RENTAL,RNT-007-014,RPLAN-001,2026-01-01,2026-12-31,ACTIVE
ASG-W-007-015,APT-007-015,WATER,WTR-007-015,WPLAN-003,2026-01-01,2026-12-31,ACTIVE
ASG-R-007-015,APT-007-015,RENTAL,RNT-007-015,RPLAN-001,2026-01-01,2026-12-31,ACTIVE
ASG-W-007-016,APT-007-016,WATER,WTR-007-016,WPLAN-003,2026-01-01,2026-12-31,ACTIVE
ASG-R-007-016,APT-007-016,RENTAL,RNT-007-016,RPLAN-002,2026-01-01,2026-12-31,ACTIVE
ASG-W-007-017,APT-007-017,WATER,WTR-007-017,WPLAN-003,2026-01-01,2026-12-31,ACTIVE
ASG-R-007-017,APT-007-017,RENTAL,RNT-007-017,RPLAN-003,2026-01-01,2026-12-31,ACTIVE
ASG-W-007-018,APT-007-018,WATER,WTR-007-018,WPLAN-003,2026-01-01,2026-12-31,ACTIVE
ASG-R-007-018,APT-007-018,RENTAL,RNT-007-018,RPLAN-002,2026-01-01,2026-12-31,ACTIVE
ASG-W-007-019,APT-007-019,WATER,WTR-007-019,WPLAN-001,2026-01-01,2026-12-31,ACTIVE
ASG-R-007-019,APT-007-019,RENTAL,RNT-007-019,RPLAN-003,2026-01-01,2026-12-31,ACTIVE
ASG-W-007-020,APT-007-020,WATER,WTR-007-020,WPLAN-002,2026-01-01,2026-12-31,ACTIVE
ASG-R-007-020,APT-007-020,RENTAL,RNT-007-020,RPLAN-001,2026-01-01,2026-12-31,ACTIVE
ASG-W-007-021,APT-007-021,WATER,WTR-007-021,WPLAN-002,2026-01-01,2026-12-31,ACTIVE
ASG-R-007-021,APT-007-021,RENTAL,RNT-007-021,RPLAN-001,2026-01-01,2026-12-31,ACTIVE
ASG-W-007-022,APT-007-022,WATER,WTR-007-022,WPLAN-002,2026-01-01,2026-12-31,ACTIVE
ASG-R-007-022,APT-007-022,RENTAL,RNT-007-022,RPLAN-002,2026-01-01,2026-12-31,ACTIVE
ASG-W-007-023,APT-007-023,WATER,WTR-007-023,WPLAN-002,2026-01-01,2026-12-31,ACTIVE
ASG-R-007-023,APT-007-023,RENTAL,RNT-007-023,RPLAN-002,2026-01-01,2026-12-31,ACTIVE
ASG-W-007-024,APT-007-024,WATER,WTR-007-024,WPLAN-002,2026-01-01,2026-12-31,ACTIVE
ASG-R-007-024,APT-007-024,RENTAL,RNT-007-024,RPLAN-003,2026-01-01,2026-12-31,ACTIVE
ASG-W-007-025,APT-007-025,WATER,WTR-007-025,WPLAN-003,2026-01-01,2026-12-31,ACTIVE
ASG-R-007-025,APT-007-025,RENTAL,RNT-007-025,RPLAN-001,2026-01-01,2026-12-31,ACTIVE
ASG-W-007-026,APT-007-026,WATER,WTR-007-026,WPLAN-003,2026-01-01,2026-12-31,ACTIVE
ASG-R-007-026,APT-007-026,RENTAL,RNT-007-026,RPLAN-002,2026-01-01,2026-12-31,ACTIVE
ASG-W-007-027,APT-007-027,WATER,WTR-007-027,WPLAN-002,2026-01-01,2026-12-31,ACTIVE
ASG-R-007-027,APT-007-027,RENTAL,RNT-007-027,RPLAN-003,2026-01-01,2026-12-31,ACTIVE
ASG-W-007-028,APT-007-028,WATER,WTR-007-028,WPLAN-001,2026-01-01,2026-12-31,ACTIVE
ASG-R-007-028,APT-007-028,RENTAL,RNT-007-028,RPLAN-001,2026-01-01,2026-12-31,ACTIVE
ASG-W-007-029,APT-007-029,WATER,WTR-007-029,WPLAN-001,2026-01-01,2026-12-31,ACTIVE
ASG-R-007-029,APT-007-029,RENTAL,RNT-007-029,RPLAN-003,2026-01-01,2026-12-31,ACTIVE
ASG-W-007-030,APT-007-030,WATER,WTR-007-030,WPLAN-002,2026-01-01,2026-12-31,ACTIVE
ASG-R-007-030,APT-007-030,RENTAL,RNT-007-030,RPLAN-001,2026-01-01,2026-12-31,ACTIVE
ASG-W-007-031,APT-007-031,WATER,WTR-007-031,WPLAN-001,2026-01-01,2026-12-31,ACTIVE
ASG-R-007-031,APT-007-031,RENTAL,RNT-007-031,RPLAN-001,2026-01-01,2026-12-31,ACTIVE
ASG-W-007-032,APT-007-032,WATER,WTR-007-032,WPLAN-002,2026-01-01,2026-12-31,ACTIVE
ASG-R-007-032,APT-007-032,RENTAL,RNT-007-032,RPLAN-002,2026-01-01,2026-12-31,ACTIVE
ASG-W-007-033,APT-007-033,WATER,WTR-007-033,WPLAN-001,2026-01-01,2026-12-31,ACTIVE
ASG-R-007-033,APT-007-033,RENTAL,RNT-007-033,RPLAN-002,2026-01-01,2026-12-31,ACTIVE
ASG-W-007-034,APT-007-034,WATER,WTR-007-034,WPLAN-001,2026-01-01,2026-12-31,ACTIVE
ASG-R-007-034,APT-007-034,RENTAL,RNT-007-034,RPLAN-003,2026-01-01,2026-12-31,ACTIVE
ASG-W-007-035,APT-007-035,WATER,WTR-007-035,WPLAN-001,2026-01-01,2026-12-31,ACTIVE
ASG-R-007-035,APT-007-035,RENTAL,RNT-007-035,RPLAN-003,2026-01-01,2026-12-31,ACTIVE
ASG-W-007-036,APT-007-036,WATER,WTR-007-036,WPLAN-002,2026-01-01,2026-12-31,ACTIVE
ASG-R-007-036,APT-007-036,RENTAL,RNT-007-036,RPLAN-001,2026-01-01,2026-12-31,ACTIVE
ASG-W-007-037,APT-007-037,WATER,WTR-007-037,WPLAN-002,2026-01-01,2026-12-31,ACTIVE
ASG-R-007-037,APT-007-037,RENTAL,RNT-007-037,RPLAN-001,2026-01-01,2026-12-31,ACTIVE
ASG-W-007-038,APT-007-038,WATER,WTR-007-038,WPLAN-003,2026-01-01,2026-12-31,ACTIVE
ASG-R-007-038,APT-007-038,RENTAL,RNT-007-038,RPLAN-002,2026-01-01,2026-12-31,ACTIVE
ASG-W-007-039,APT-007-039,WATER,WTR-007-039,WPLAN-002,2026-01-01,2026-12-31,ACTIVE
ASG-R-007-039,APT-007-039,RENTAL,RNT-007-039,RPLAN-001,2026-01-01,2026-12-31,ACTIVE
ASG-W-007-040,APT-007-040,WATER,WTR-007-040,WPLAN-002,2026-01-01,2026-12-31,ACTIVE
ASG-R-007-040,APT-007-040,RENTAL,RNT-007-040,RPLAN-003,2026-01-01,2026-12-31,ACTIVE
ASG-W-007-041,APT-007-041,WATER,WTR-007-041,WPLAN-003,2026-01-01,2026-12-31,ACTIVE
ASG-R-007-041,APT-007-041,RENTAL,RNT-007-041,RPLAN-001,2026-01-01,2026-12-31,ACTIVE
ASG-W-007-042,APT-007-042,WATER,WTR-007-042,WPLAN-001,2026-01-01,2026-12-31,ACTIVE
ASG-R-007-042,APT-007-042,RENTAL,RNT-007-042,RPLAN-002,2026-01-01,2026-12-31,ACTIVE
ASG-W-007-043,APT-007-043,WATER,WTR-007-043,WPLAN-003,2026-01-01,2026-12-31,ACTIVE
ASG-R-007-043,APT-007-043,RENTAL,RNT-007-043,RPLAN-002,2026-01-01,2026-12-31,ACTIVE
ASG-W-007-044,APT-007-044,WATER,WTR-007-044,WPLAN-003,2026-01-01,2026-12-31,ACTIVE
ASG-R-007-044,APT-007-044,RENTAL,RNT-007-044,RPLAN-003,2026-01-01,2026-12-31,ACTIVE
ASG-W-007-045,APT-007-045,WATER,WTR-007-045,WPLAN-001,2026-01-01,2026-12-31,ACTIVE
ASG-R-007-045,APT-007-045,RENTAL,RNT-007-045,RPLAN-002,2026-01-01,2026-12-31,ACTIVE
ASG-W-007-046,APT-007-046,WATER,WTR-007-046,WPLAN-003,2026-01-01,2026-12-31,ACTIVE
ASG-R-007-046,APT-007-046,RENTAL,RNT-007-046,RPLAN-001,2026-01-01,2026-12-31,ACTIVE
ASG-W-007-047,APT-007-047,WATER,WTR-007-047,WPLAN-003,2026-01-01,2026-12-31,ACTIVE
ASG-R-007-047,APT-007-047,RENTAL,RNT-007-047,RPLAN-001,2026-01-01,2026-12-31,ACTIVE
ASG-W-007-048,APT-007-048,WATER,WTR-007-048,WPLAN-001,2026-01-01,2026-12-31,ACTIVE
ASG-R-007-048,APT-007-048,RENTAL,RNT-007-048,RPLAN-001,2026-01-01,2026-12-31,ACTIVE
ASG-W-007-049,APT-007-049,WATER,WTR-007-049,WPLAN-002,2026-01-01,2026-12-31,ACTIVE
ASG-R-007-049,APT-007-049,RENTAL,RNT-007-049,RPLAN-001,2026-01-01,2026-12-31,ACTIVE
ASG-W-007-050,APT-007-050,WATER,WTR-007-050,WPLAN-001,2026-01-01,2026-12-31,ACTIVE
ASG-R-007-050,APT-007-050,RENTAL,RNT-007-050,RPLAN-003,2026-01-01,2026-12-31,ACTIVE
ASG-W-008-001,APT-008-001,WATER,WTR-008-001,WPLAN-001,2026-01-01,2026-12-31,ACTIVE
ASG-R-008-001,APT-008-001,RENTAL,RNT-008-001,RPLAN-003,2026-01-01,2026-12-31,ACTIVE
ASG-W-008-002,APT-008-002,WATER,WTR-008-002,WPLAN-003,2026-01-01,2026-12-31,ACTIVE
ASG-R-008-002,APT-008-002,RENTAL,RNT-008-002,RPLAN-002,2026-01-01,2026-12-31,ACTIVE
ASG-W-008-003,APT-008-003,WATER,WTR-008-003,WPLAN-001,2026-01-01,2026-12-31,ACTIVE
ASG-R-008-003,APT-008-003,RENTAL,RNT-008-003,RPLAN-001,2026-01-01,2026-12-31,ACTIVE
ASG-W-008-004,APT-008-004,WATER,WTR-008-004,WPLAN-003,2026-01-01,2026-12-31,ACTIVE
ASG-R-008-004,APT-008-004,RENTAL,RNT-008-004,RPLAN-002,2026-01-01,2026-12-31,ACTIVE
ASG-W-008-005,APT-008-005,WATER,WTR-008-005,WPLAN-001,2026-01-01,2026-12-31,ACTIVE
ASG-R-008-005,APT-008-005,RENTAL,RNT-008-005,RPLAN-002,2026-01-01,2026-12-31,ACTIVE
ASG-W-008-006,APT-008-006,WATER,WTR-008-006,WPLAN-003,2026-01-01,2026-12-31,ACTIVE
ASG-R-008-006,APT-008-006,RENTAL,RNT-008-006,RPLAN-001,2026-01-01,2026-12-31,ACTIVE
ASG-W-008-007,APT-008-007,WATER,WTR-008-007,WPLAN-002,2026-01-01,2026-12-31,ACTIVE
ASG-R-008-007,APT-008-007,RENTAL,RNT-008-007,RPLAN-001,2026-01-01,2026-12-31,ACTIVE
ASG-W-008-008,APT-008-008,WATER,WTR-008-008,WPLAN-001,2026-01-01,2026-12-31,ACTIVE
ASG-R-008-008,APT-008-008,RENTAL,RNT-008-008,RPLAN-002,2026-01-01,2026-12-31,ACTIVE
ASG-W-008-009,APT-008-009,WATER,WTR-008-009,WPLAN-001,2026-01-01,2026-12-31,ACTIVE
ASG-R-008-009,APT-008-009,RENTAL,RNT-008-009,RPLAN-003,2026-01-01,2026-12-31,ACTIVE
ASG-W-008-010,APT-008-010,WATER,WTR-008-010,WPLAN-001,2026-01-01,2026-12-31,ACTIVE
ASG-R-008-010,APT-008-010,RENTAL,RNT-008-010,RPLAN-001,2026-01-01,2026-12-31,ACTIVE
ASG-W-008-011,APT-008-011,WATER,WTR-008-011,WPLAN-002,2026-01-01,2026-12-31,ACTIVE
ASG-R-008-011,APT-008-011,RENTAL,RNT-008-011,RPLAN-002,2026-01-01,2026-12-31,ACTIVE
ASG-W-008-012,APT-008-012,WATER,WTR-008-012,WPLAN-002,2026-01-01,2026-12-31,ACTIVE
ASG-R-008-012,APT-008-012,RENTAL,RNT-008-012,RPLAN-001,2026-01-01,2026-12-31,ACTIVE
ASG-W-008-013,APT-008-013,WATER,WTR-008-013,WPLAN-002,2026-01-01,2026-12-31,ACTIVE
ASG-R-008-013,APT-008-013,RENTAL,RNT-008-013,RPLAN-001,2026-01-01,2026-12-31,ACTIVE
ASG-W-008-014,APT-008-014,WATER,WTR-008-014,WPLAN-003,2026-01-01,2026-12-31,ACTIVE
ASG-R-008-014,APT-008-014,RENTAL,RNT-008-014,RPLAN-003,2026-01-01,2026-12-31,ACTIVE
ASG-W-008-015,APT-008-015,WATER,WTR-008-015,WPLAN-001,2026-01-01,2026-12-31,ACTIVE
ASG-R-008-015,APT-008-015,RENTAL,RNT-008-015,RPLAN-001,2026-01-01,2026-12-31,ACTIVE
ASG-W-008-016,APT-008-016,WATER,WTR-008-016,WPLAN-003,2026-01-01,2026-12-31,ACTIVE
ASG-R-008-016,APT-008-016,RENTAL,RNT-008-016,RPLAN-003,2026-01-01,2026-12-31,ACTIVE
ASG-W-008-017,APT-008-017,WATER,WTR-008-017,WPLAN-001,2026-01-01,2026-12-31,ACTIVE
ASG-R-008-017,APT-008-017,RENTAL,RNT-008-017,RPLAN-003,2026-01-01,2026-12-31,ACTIVE
ASG-W-008-018,APT-008-018,WATER,WTR-008-018,WPLAN-003,2026-01-01,2026-12-31,ACTIVE
ASG-R-008-018,APT-008-018,RENTAL,RNT-008-018,RPLAN-001,2026-01-01,2026-12-31,ACTIVE
ASG-W-008-019,APT-008-019,WATER,WTR-008-019,WPLAN-002,2026-01-01,2026-12-31,ACTIVE
ASG-R-008-019,APT-008-019,RENTAL,RNT-008-019,RPLAN-002,2026-01-01,2026-12-31,ACTIVE
ASG-W-008-020,APT-008-020,WATER,WTR-008-020,WPLAN-003,2026-01-01,2026-12-31,ACTIVE
ASG-R-008-020,APT-008-020,RENTAL,RNT-008-020,RPLAN-001,2026-01-01,2026-12-31,ACTIVE
ASG-W-008-021,APT-008-021,WATER,WTR-008-021,WPLAN-003,2026-01-01,2026-12-31,ACTIVE
ASG-R-008-021,APT-008-021,RENTAL,RNT-008-021,RPLAN-003,2026-01-01,2026-12-31,ACTIVE
ASG-W-008-022,APT-008-022,WATER,WTR-008-022,WPLAN-001,2026-01-01,2026-12-31,ACTIVE
ASG-R-008-022,APT-008-022,RENTAL,RNT-008-022,RPLAN-002,2026-01-01,2026-12-31,ACTIVE
ASG-W-008-023,APT-008-023,WATER,WTR-008-023,WPLAN-003,2026-01-01,2026-12-31,ACTIVE
ASG-R-008-023,APT-008-023,RENTAL,RNT-008-023,RPLAN-003,2026-01-01,2026-12-31,ACTIVE
ASG-W-008-024,APT-008-024,WATER,WTR-008-024,WPLAN-002,2026-01-01,2026-12-31,ACTIVE
ASG-R-008-024,APT-008-024,RENTAL,RNT-008-024,RPLAN-001,2026-01-01,2026-12-31,ACTIVE
ASG-W-008-025,APT-008-025,WATER,WTR-008-025,WPLAN-001,2026-01-01,2026-12-31,ACTIVE
ASG-R-008-025,APT-008-025,RENTAL,RNT-008-025,RPLAN-001,2026-01-01,2026-12-31,ACTIVE
ASG-W-008-026,APT-008-026,WATER,WTR-008-026,WPLAN-001,2026-01-01,2026-12-31,ACTIVE
ASG-R-008-026,APT-008-026,RENTAL,RNT-008-026,RPLAN-001,2026-01-01,2026-12-31,ACTIVE
ASG-W-008-027,APT-008-027,WATER,WTR-008-027,WPLAN-003,2026-01-01,2026-12-31,ACTIVE
ASG-R-008-027,APT-008-027,RENTAL,RNT-008-027,RPLAN-003,2026-01-01,2026-12-31,ACTIVE
ASG-W-008-028,APT-008-028,WATER,WTR-008-028,WPLAN-002,2026-01-01,2026-12-31,ACTIVE
ASG-R-008-028,APT-008-028,RENTAL,RNT-008-028,RPLAN-002,2026-01-01,2026-12-31,ACTIVE
ASG-W-008-029,APT-008-029,WATER,WTR-008-029,WPLAN-002,2026-01-01,2026-12-31,ACTIVE
ASG-R-008-029,APT-008-029,RENTAL,RNT-008-029,RPLAN-002,2026-01-01,2026-12-31,ACTIVE
ASG-W-008-030,APT-008-030,WATER,WTR-008-030,WPLAN-001,2026-01-01,2026-12-31,ACTIVE
ASG-R-008-030,APT-008-030,RENTAL,RNT-008-030,RPLAN-001,2026-01-01,2026-12-31,ACTIVE
ASG-W-008-031,APT-008-031,WATER,WTR-008-031,WPLAN-002,2026-01-01,2026-12-31,ACTIVE
ASG-R-008-031,APT-008-031,RENTAL,RNT-008-031,RPLAN-003,2026-01-01,2026-12-31,ACTIVE
ASG-W-008-032,APT-008-032,WATER,WTR-008-032,WPLAN-001,2026-01-01,2026-12-31,ACTIVE
ASG-R-008-032,APT-008-032,RENTAL,RNT-008-032,RPLAN-001,2026-01-01,2026-12-31,ACTIVE
ASG-W-008-033,APT-008-033,WATER,WTR-008-033,WPLAN-003,2026-01-01,2026-12-31,ACTIVE
ASG-R-008-033,APT-008-033,RENTAL,RNT-008-033,RPLAN-003,2026-01-01,2026-12-31,ACTIVE
ASG-W-008-034,APT-008-034,WATER,WTR-008-034,WPLAN-003,2026-01-01,2026-12-31,ACTIVE
ASG-R-008-034,APT-008-034,RENTAL,RNT-008-034,RPLAN-003,2026-01-01,2026-12-31,ACTIVE
ASG-W-008-035,APT-008-035,WATER,WTR-008-035,WPLAN-003,2026-01-01,2026-12-31,ACTIVE
ASG-R-008-035,APT-008-035,RENTAL,RNT-008-035,RPLAN-002,2026-01-01,2026-12-31,ACTIVE
ASG-W-008-036,APT-008-036,WATER,WTR-008-036,WPLAN-003,2026-01-01,2026-12-31,ACTIVE
ASG-R-008-036,APT-008-036,RENTAL,RNT-008-036,RPLAN-001,2026-01-01,2026-12-31,ACTIVE
ASG-W-008-037,APT-008-037,WATER,WTR-008-037,WPLAN-003,2026-01-01,2026-12-31,ACTIVE
ASG-R-008-037,APT-008-037,RENTAL,RNT-008-037,RPLAN-002,2026-01-01,2026-12-31,ACTIVE
ASG-W-008-038,APT-008-038,WATER,WTR-008-038,WPLAN-001,2026-01-01,2026-12-31,ACTIVE
ASG-R-008-038,APT-008-038,RENTAL,RNT-008-038,RPLAN-003,2026-01-01,2026-12-31,ACTIVE
ASG-W-008-039,APT-008-039,WATER,WTR-008-039,WPLAN-003,2026-01-01,2026-12-31,ACTIVE
ASG-R-008-039,APT-008-039,RENTAL,RNT-008-039,RPLAN-003,2026-01-01,2026-12-31,ACTIVE
ASG-W-008-040,APT-008-040,WATER,WTR-008-040,WPLAN-001,2026-01-01,2026-12-31,ACTIVE
ASG-R-008-040,APT-008-040,RENTAL,RNT-008-040,RPLAN-003,2026-01-01,2026-12-31,ACTIVE
ASG-W-008-041,APT-008-041,WATER,WTR-008-041,WPLAN-002,2026-01-01,2026-12-31,ACTIVE
ASG-R-008-041,APT-008-041,RENTAL,RNT-008-041,RPLAN-002,2026-01-01,2026-12-31,ACTIVE
ASG-W-008-042,APT-008-042,WATER,WTR-008-042,WPLAN-003,2026-01-01,2026-12-31,ACTIVE
ASG-R-008-042,APT-008-042,RENTAL,RNT-008-042,RPLAN-001,2026-01-01,2026-12-31,ACTIVE
ASG-W-008-043,APT-008-043,WATER,WTR-008-043,WPLAN-001,2026-01-01,2026-12-31,ACTIVE
ASG-R-008-043,APT-008-043,RENTAL,RNT-008-043,RPLAN-002,2026-01-01,2026-12-31,ACTIVE
ASG-W-008-044,APT-008-044,WATER,WTR-008-044,WPLAN-002,2026-01-01,2026-12-31,ACTIVE
ASG-R-008-044,APT-008-044,RENTAL,RNT-008-044,RPLAN-001,2026-01-01,2026-12-31,ACTIVE
ASG-W-008-045,APT-008-045,WATER,WTR-008-045,WPLAN-001,2026-01-01,2026-12-31,ACTIVE
ASG-R-008-045,APT-008-045,RENTAL,RNT-008-045,RPLAN-002,2026-01-01,2026-12-31,ACTIVE
ASG-W-008-046,APT-008-046,WATER,WTR-008-046,WPLAN-003,2026-01-01,2026-12-31,ACTIVE
ASG-R-008-046,APT-008-046,RENTAL,RNT-008-046,RPLAN-003,2026-01-01,2026-12-31,ACTIVE
ASG-W-008-047,APT-008-047,WATER,WTR-008-047,WPLAN-001,2026-01-01,2026-12-31,ACTIVE
ASG-R-008-047,APT-008-047,RENTAL,RNT-008-047,RPLAN-003,2026-01-01,2026-12-31,ACTIVE
ASG-W-008-048,APT-008-048,WATER,WTR-008-048,WPLAN-001,2026-01-01,2026-12-31,ACTIVE
ASG-R-008-048,APT-008-048,RENTAL,RNT-008-048,RPLAN-002,2026-01-01,2026-12-31,ACTIVE
ASG-W-008-049,APT-008-049,WATER,WTR-008-049,WPLAN-002,2026-01-01,2026-12-31,ACTIVE
ASG-R-008-049,APT-008-049,RENTAL,RNT-008-049,RPLAN-001,2026-01-01,2026-12-31,ACTIVE
ASG-W-008-050,APT-008-050,WATER,WTR-008-050,WPLAN-002,2026-01-01,2026-12-31,ACTIVE
ASG-R-008-050,APT-008-050,RENTAL,RNT-008-050,RPLAN-003,2026-01-01,2026-12-31,ACTIVE
ASG-W-009-001,APT-009-001,WATER,WTR-009-001,WPLAN-002,2026-01-01,2026-12-31,ACTIVE
ASG-R-009-001,APT-009-001,RENTAL,RNT-009-001,RPLAN-002,2026-01-01,2026-12-31,ACTIVE
ASG-W-009-002,APT-009-002,WATER,WTR-009-002,WPLAN-003,2026-01-01,2026-12-31,ACTIVE
ASG-R-009-002,APT-009-002,RENTAL,RNT-009-002,RPLAN-003,2026-01-01,2026-12-31,ACTIVE
ASG-W-009-003,APT-009-003,WATER,WTR-009-003,WPLAN-001,2026-01-01,2026-12-31,ACTIVE
ASG-R-009-003,APT-009-003,RENTAL,RNT-009-003,RPLAN-002,2026-01-01,2026-12-31,ACTIVE
ASG-W-009-004,APT-009-004,WATER,WTR-009-004,WPLAN-001,2026-01-01,2026-12-31,ACTIVE
ASG-R-009-004,APT-009-004,RENTAL,RNT-009-004,RPLAN-001,2026-01-01,2026-12-31,ACTIVE
ASG-W-009-005,APT-009-005,WATER,WTR-009-005,WPLAN-003,2026-01-01,2026-12-31,ACTIVE
ASG-R-009-005,APT-009-005,RENTAL,RNT-009-005,RPLAN-001,2026-01-01,2026-12-31,ACTIVE
ASG-W-009-006,APT-009-006,WATER,WTR-009-006,WPLAN-001,2026-01-01,2026-12-31,ACTIVE
ASG-R-009-006,APT-009-006,RENTAL,RNT-009-006,RPLAN-002,2026-01-01,2026-12-31,ACTIVE
ASG-W-009-007,APT-009-007,WATER,WTR-009-007,WPLAN-001,2026-01-01,2026-12-31,ACTIVE
ASG-R-009-007,APT-009-007,RENTAL,RNT-009-007,RPLAN-001,2026-01-01,2026-12-31,ACTIVE
ASG-W-009-008,APT-009-008,WATER,WTR-009-008,WPLAN-001,2026-01-01,2026-12-31,ACTIVE
ASG-R-009-008,APT-009-008,RENTAL,RNT-009-008,RPLAN-002,2026-01-01,2026-12-31,ACTIVE
ASG-W-009-009,APT-009-009,WATER,WTR-009-009,WPLAN-003,2026-01-01,2026-12-31,ACTIVE
ASG-R-009-009,APT-009-009,RENTAL,RNT-009-009,RPLAN-002,2026-01-01,2026-12-31,ACTIVE
ASG-W-009-010,APT-009-010,WATER,WTR-009-010,WPLAN-003,2026-01-01,2026-12-31,ACTIVE
ASG-R-009-010,APT-009-010,RENTAL,RNT-009-010,RPLAN-003,2026-01-01,2026-12-31,ACTIVE
ASG-W-009-011,APT-009-011,WATER,WTR-009-011,WPLAN-003,2026-01-01,2026-12-31,ACTIVE
ASG-R-009-011,APT-009-011,RENTAL,RNT-009-011,RPLAN-002,2026-01-01,2026-12-31,ACTIVE
ASG-W-009-012,APT-009-012,WATER,WTR-009-012,WPLAN-002,2026-01-01,2026-12-31,ACTIVE
ASG-R-009-012,APT-009-012,RENTAL,RNT-009-012,RPLAN-003,2026-01-01,2026-12-31,ACTIVE
ASG-W-009-013,APT-009-013,WATER,WTR-009-013,WPLAN-002,2026-01-01,2026-12-31,ACTIVE
ASG-R-009-013,APT-009-013,RENTAL,RNT-009-013,RPLAN-001,2026-01-01,2026-12-31,ACTIVE
ASG-W-009-014,APT-009-014,WATER,WTR-009-014,WPLAN-003,2026-01-01,2026-12-31,ACTIVE
ASG-R-009-014,APT-009-014,RENTAL,RNT-009-014,RPLAN-003,2026-01-01,2026-12-31,ACTIVE
ASG-W-009-015,APT-009-015,WATER,WTR-009-015,WPLAN-003,2026-01-01,2026-12-31,ACTIVE
ASG-R-009-015,APT-009-015,RENTAL,RNT-009-015,RPLAN-003,2026-01-01,2026-12-31,ACTIVE
ASG-W-009-016,APT-009-016,WATER,WTR-009-016,WPLAN-001,2026-01-01,2026-12-31,ACTIVE
ASG-R-009-016,APT-009-016,RENTAL,RNT-009-016,RPLAN-002,2026-01-01,2026-12-31,ACTIVE
ASG-W-009-017,APT-009-017,WATER,WTR-009-017,WPLAN-001,2026-01-01,2026-12-31,ACTIVE
ASG-R-009-017,APT-009-017,RENTAL,RNT-009-017,RPLAN-002,2026-01-01,2026-12-31,ACTIVE
ASG-W-009-018,APT-009-018,WATER,WTR-009-018,WPLAN-001,2026-01-01,2026-12-31,ACTIVE
ASG-R-009-018,APT-009-018,RENTAL,RNT-009-018,RPLAN-003,2026-01-01,2026-12-31,ACTIVE
ASG-W-009-019,APT-009-019,WATER,WTR-009-019,WPLAN-001,2026-01-01,2026-12-31,ACTIVE
ASG-R-009-019,APT-009-019,RENTAL,RNT-009-019,RPLAN-001,2026-01-01,2026-12-31,ACTIVE
ASG-W-009-020,APT-009-020,WATER,WTR-009-020,WPLAN-003,2026-01-01,2026-12-31,ACTIVE
ASG-R-009-020,APT-009-020,RENTAL,RNT-009-020,RPLAN-002,2026-01-01,2026-12-31,ACTIVE
ASG-W-009-021,APT-009-021,WATER,WTR-009-021,WPLAN-002,2026-01-01,2026-12-31,ACTIVE
ASG-R-009-021,APT-009-021,RENTAL,RNT-009-021,RPLAN-003,2026-01-01,2026-12-31,ACTIVE
ASG-W-009-022,APT-009-022,WATER,WTR-009-022,WPLAN-003,2026-01-01,2026-12-31,ACTIVE
ASG-R-009-022,APT-009-022,RENTAL,RNT-009-022,RPLAN-003,2026-01-01,2026-12-31,ACTIVE
ASG-W-009-023,APT-009-023,WATER,WTR-009-023,WPLAN-003,2026-01-01,2026-12-31,ACTIVE
ASG-R-009-023,APT-009-023,RENTAL,RNT-009-023,RPLAN-003,2026-01-01,2026-12-31,ACTIVE
ASG-W-009-024,APT-009-024,WATER,WTR-009-024,WPLAN-001,2026-01-01,2026-12-31,ACTIVE
ASG-R-009-024,APT-009-024,RENTAL,RNT-009-024,RPLAN-002,2026-01-01,2026-12-31,ACTIVE
ASG-W-009-025,APT-009-025,WATER,WTR-009-025,WPLAN-003,2026-01-01,2026-12-31,ACTIVE
ASG-R-009-025,APT-009-025,RENTAL,RNT-009-025,RPLAN-002,2026-01-01,2026-12-31,ACTIVE
ASG-W-009-026,APT-009-026,WATER,WTR-009-026,WPLAN-003,2026-01-01,2026-12-31,ACTIVE
ASG-R-009-026,APT-009-026,RENTAL,RNT-009-026,RPLAN-001,2026-01-01,2026-12-31,ACTIVE
ASG-W-009-027,APT-009-027,WATER,WTR-009-027,WPLAN-001,2026-01-01,2026-12-31,ACTIVE
ASG-R-009-027,APT-009-027,RENTAL,RNT-009-027,RPLAN-001,2026-01-01,2026-12-31,ACTIVE
ASG-W-009-028,APT-009-028,WATER,WTR-009-028,WPLAN-001,2026-01-01,2026-12-31,ACTIVE
ASG-R-009-028,APT-009-028,RENTAL,RNT-009-028,RPLAN-002,2026-01-01,2026-12-31,ACTIVE
ASG-W-009-029,APT-009-029,WATER,WTR-009-029,WPLAN-001,2026-01-01,2026-12-31,ACTIVE
ASG-R-009-029,APT-009-029,RENTAL,RNT-009-029,RPLAN-002,2026-01-01,2026-12-31,ACTIVE
ASG-W-009-030,APT-009-030,WATER,WTR-009-030,WPLAN-003,2026-01-01,2026-12-31,ACTIVE
ASG-R-009-030,APT-009-030,RENTAL,RNT-009-030,RPLAN-003,2026-01-01,2026-12-31,ACTIVE
ASG-W-009-031,APT-009-031,WATER,WTR-009-031,WPLAN-001,2026-01-01,2026-12-31,ACTIVE
ASG-R-009-031,APT-009-031,RENTAL,RNT-009-031,RPLAN-002,2026-01-01,2026-12-31,ACTIVE
ASG-W-009-032,APT-009-032,WATER,WTR-009-032,WPLAN-003,2026-01-01,2026-12-31,ACTIVE
ASG-R-009-032,APT-009-032,RENTAL,RNT-009-032,RPLAN-003,2026-01-01,2026-12-31,ACTIVE
ASG-W-009-033,APT-009-033,WATER,WTR-009-033,WPLAN-003,2026-01-01,2026-12-31,ACTIVE
ASG-R-009-033,APT-009-033,RENTAL,RNT-009-033,RPLAN-003,2026-01-01,2026-12-31,ACTIVE
ASG-W-009-034,APT-009-034,WATER,WTR-009-034,WPLAN-001,2026-01-01,2026-12-31,ACTIVE
ASG-R-009-034,APT-009-034,RENTAL,RNT-009-034,RPLAN-001,2026-01-01,2026-12-31,ACTIVE
ASG-W-009-035,APT-009-035,WATER,WTR-009-035,WPLAN-001,2026-01-01,2026-12-31,ACTIVE
ASG-R-009-035,APT-009-035,RENTAL,RNT-009-035,RPLAN-003,2026-01-01,2026-12-31,ACTIVE
ASG-W-009-036,APT-009-036,WATER,WTR-009-036,WPLAN-001,2026-01-01,2026-12-31,ACTIVE
ASG-R-009-036,APT-009-036,RENTAL,RNT-009-036,RPLAN-003,2026-01-01,2026-12-31,ACTIVE
ASG-W-009-037,APT-009-037,WATER,WTR-009-037,WPLAN-001,2026-01-01,2026-12-31,ACTIVE
ASG-R-009-037,APT-009-037,RENTAL,RNT-009-037,RPLAN-001,2026-01-01,2026-12-31,ACTIVE
ASG-W-009-038,APT-009-038,WATER,WTR-009-038,WPLAN-002,2026-01-01,2026-12-31,ACTIVE
ASG-R-009-038,APT-009-038,RENTAL,RNT-009-038,RPLAN-002,2026-01-01,2026-12-31,ACTIVE
ASG-W-009-039,APT-009-039,WATER,WTR-009-039,WPLAN-003,2026-01-01,2026-12-31,ACTIVE
ASG-R-009-039,APT-009-039,RENTAL,RNT-009-039,RPLAN-003,2026-01-01,2026-12-31,ACTIVE
ASG-W-009-040,APT-009-040,WATER,WTR-009-040,WPLAN-003,2026-01-01,2026-12-31,ACTIVE
ASG-R-009-040,APT-009-040,RENTAL,RNT-009-040,RPLAN-002,2026-01-01,2026-12-31,ACTIVE
ASG-W-009-041,APT-009-041,WATER,WTR-009-041,WPLAN-001,2026-01-01,2026-12-31,ACTIVE
ASG-R-009-041,APT-009-041,RENTAL,RNT-009-041,RPLAN-002,2026-01-01,2026-12-31,ACTIVE
ASG-W-009-042,APT-009-042,WATER,WTR-009-042,WPLAN-001,2026-01-01,2026-12-31,ACTIVE
ASG-R-009-042,APT-009-042,RENTAL,RNT-009-042,RPLAN-003,2026-01-01,2026-12-31,ACTIVE
ASG-W-009-043,APT-009-043,WATER,WTR-009-043,WPLAN-002,2026-01-01,2026-12-31,ACTIVE
ASG-R-009-043,APT-009-043,RENTAL,RNT-009-043,RPLAN-003,2026-01-01,2026-12-31,ACTIVE
ASG-W-009-044,APT-009-044,WATER,WTR-009-044,WPLAN-001,2026-01-01,2026-12-31,ACTIVE
ASG-R-009-044,APT-009-044,RENTAL,RNT-009-044,RPLAN-001,2026-01-01,2026-12-31,ACTIVE
ASG-W-009-045,APT-009-045,WATER,WTR-009-045,WPLAN-002,2026-01-01,2026-12-31,ACTIVE
ASG-R-009-045,APT-009-045,RENTAL,RNT-009-045,RPLAN-002,2026-01-01,2026-12-31,ACTIVE
ASG-W-009-046,APT-009-046,WATER,WTR-009-046,WPLAN-002,2026-01-01,2026-12-31,ACTIVE
ASG-R-009-046,APT-009-046,RENTAL,RNT-009-046,RPLAN-003,2026-01-01,2026-12-31,ACTIVE
ASG-W-009-047,APT-009-047,WATER,WTR-009-047,WPLAN-001,2026-01-01,2026-12-31,ACTIVE
ASG-R-009-047,APT-009-047,RENTAL,RNT-009-047,RPLAN-002,2026-01-01,2026-12-31,ACTIVE
ASG-W-009-048,APT-009-048,WATER,WTR-009-048,WPLAN-003,2026-01-01,2026-12-31,ACTIVE
ASG-R-009-048,APT-009-048,RENTAL,RNT-009-048,RPLAN-003,2026-01-01,2026-12-31,ACTIVE
ASG-W-009-049,APT-009-049,WATER,WTR-009-049,WPLAN-003,2026-01-01,2026-12-31,ACTIVE
ASG-R-009-049,APT-009-049,RENTAL,RNT-009-049,RPLAN-001,2026-01-01,2026-12-31,ACTIVE
ASG-W-009-050,APT-009-050,WATER,WTR-009-050,WPLAN-002,2026-01-01,2026-12-31,ACTIVE
ASG-R-009-050,APT-009-050,RENTAL,RNT-009-050,RPLAN-002,2026-01-01,2026-12-31,ACTIVE
ASG-W-010-001,APT-010-001,WATER,WTR-010-001,WPLAN-003,2026-01-01,2026-12-31,ACTIVE
ASG-R-010-001,APT-010-001,RENTAL,RNT-010-001,RPLAN-002,2026-01-01,2026-12-31,ACTIVE
ASG-W-010-002,APT-010-002,WATER,WTR-010-002,WPLAN-001,2026-01-01,2026-12-31,ACTIVE
ASG-R-010-002,APT-010-002,RENTAL,RNT-010-002,RPLAN-002,2026-01-01,2026-12-31,ACTIVE
ASG-W-010-003,APT-010-003,WATER,WTR-010-003,WPLAN-003,2026-01-01,2026-12-31,ACTIVE
ASG-R-010-003,APT-010-003,RENTAL,RNT-010-003,RPLAN-001,2026-01-01,2026-12-31,ACTIVE
ASG-W-010-004,APT-010-004,WATER,WTR-010-004,WPLAN-002,2026-01-01,2026-12-31,ACTIVE
ASG-R-010-004,APT-010-004,RENTAL,RNT-010-004,RPLAN-001,2026-01-01,2026-12-31,ACTIVE
ASG-W-010-005,APT-010-005,WATER,WTR-010-005,WPLAN-002,2026-01-01,2026-12-31,ACTIVE
ASG-R-010-005,APT-010-005,RENTAL,RNT-010-005,RPLAN-001,2026-01-01,2026-12-31,ACTIVE
ASG-W-010-006,APT-010-006,WATER,WTR-010-006,WPLAN-003,2026-01-01,2026-12-31,ACTIVE
ASG-R-010-006,APT-010-006,RENTAL,RNT-010-006,RPLAN-003,2026-01-01,2026-12-31,ACTIVE
ASG-W-010-007,APT-010-007,WATER,WTR-010-007,WPLAN-003,2026-01-01,2026-12-31,ACTIVE
ASG-R-010-007,APT-010-007,RENTAL,RNT-010-007,RPLAN-001,2026-01-01,2026-12-31,ACTIVE
ASG-W-010-008,APT-010-008,WATER,WTR-010-008,WPLAN-001,2026-01-01,2026-12-31,ACTIVE
ASG-R-010-008,APT-010-008,RENTAL,RNT-010-008,RPLAN-003,2026-01-01,2026-12-31,ACTIVE
ASG-W-010-009,APT-010-009,WATER,WTR-010-009,WPLAN-003,2026-01-01,2026-12-31,ACTIVE
ASG-R-010-009,APT-010-009,RENTAL,RNT-010-009,RPLAN-001,2026-01-01,2026-12-31,ACTIVE
ASG-W-010-010,APT-010-010,WATER,WTR-010-010,WPLAN-001,2026-01-01,2026-12-31,ACTIVE
ASG-R-010-010,APT-010-010,RENTAL,RNT-010-010,RPLAN-001,2026-01-01,2026-12-31,ACTIVE
ASG-W-010-011,APT-010-011,WATER,WTR-010-011,WPLAN-001,2026-01-01,2026-12-31,ACTIVE
ASG-R-010-011,APT-010-011,RENTAL,RNT-010-011,RPLAN-001,2026-01-01,2026-12-31,ACTIVE
ASG-W-010-012,APT-010-012,WATER,WTR-010-012,WPLAN-002,2026-01-01,2026-12-31,ACTIVE
ASG-R-010-012,APT-010-012,RENTAL,RNT-010-012,RPLAN-002,2026-01-01,2026-12-31,ACTIVE
ASG-W-010-013,APT-010-013,WATER,WTR-010-013,WPLAN-002,2026-01-01,2026-12-31,ACTIVE
ASG-R-010-013,APT-010-013,RENTAL,RNT-010-013,RPLAN-001,2026-01-01,2026-12-31,ACTIVE
ASG-W-010-014,APT-010-014,WATER,WTR-010-014,WPLAN-001,2026-01-01,2026-12-31,ACTIVE
ASG-R-010-014,APT-010-014,RENTAL,RNT-010-014,RPLAN-001,2026-01-01,2026-12-31,ACTIVE
ASG-W-010-015,APT-010-015,WATER,WTR-010-015,WPLAN-003,2026-01-01,2026-12-31,ACTIVE
ASG-R-010-015,APT-010-015,RENTAL,RNT-010-015,RPLAN-003,2026-01-01,2026-12-31,ACTIVE
ASG-W-010-016,APT-010-016,WATER,WTR-010-016,WPLAN-003,2026-01-01,2026-12-31,ACTIVE
ASG-R-010-016,APT-010-016,RENTAL,RNT-010-016,RPLAN-003,2026-01-01,2026-12-31,ACTIVE
ASG-W-010-017,APT-010-017,WATER,WTR-010-017,WPLAN-002,2026-01-01,2026-12-31,ACTIVE
ASG-R-010-017,APT-010-017,RENTAL,RNT-010-017,RPLAN-001,2026-01-01,2026-12-31,ACTIVE
ASG-W-010-018,APT-010-018,WATER,WTR-010-018,WPLAN-002,2026-01-01,2026-12-31,ACTIVE
ASG-R-010-018,APT-010-018,RENTAL,RNT-010-018,RPLAN-001,2026-01-01,2026-12-31,ACTIVE
ASG-W-010-019,APT-010-019,WATER,WTR-010-019,WPLAN-002,2026-01-01,2026-12-31,ACTIVE
ASG-R-010-019,APT-010-019,RENTAL,RNT-010-019,RPLAN-003,2026-01-01,2026-12-31,ACTIVE
ASG-W-010-020,APT-010-020,WATER,WTR-010-020,WPLAN-002,2026-01-01,2026-12-31,ACTIVE
ASG-R-010-020,APT-010-020,RENTAL,RNT-010-020,RPLAN-002,2026-01-01,2026-12-31,ACTIVE
ASG-W-010-021,APT-010-021,WATER,WTR-010-021,WPLAN-001,2026-01-01,2026-12-31,ACTIVE
ASG-R-010-021,APT-010-021,RENTAL,RNT-010-021,RPLAN-003,2026-01-01,2026-12-31,ACTIVE
ASG-W-010-022,APT-010-022,WATER,WTR-010-022,WPLAN-002,2026-01-01,2026-12-31,ACTIVE
ASG-R-010-022,APT-010-022,RENTAL,RNT-010-022,RPLAN-001,2026-01-01,2026-12-31,ACTIVE
ASG-W-010-023,APT-010-023,WATER,WTR-010-023,WPLAN-003,2026-01-01,2026-12-31,ACTIVE
ASG-R-010-023,APT-010-023,RENTAL,RNT-010-023,RPLAN-003,2026-01-01,2026-12-31,ACTIVE
ASG-W-010-024,APT-010-024,WATER,WTR-010-024,WPLAN-001,2026-01-01,2026-12-31,ACTIVE
ASG-R-010-024,APT-010-024,RENTAL,RNT-010-024,RPLAN-001,2026-01-01,2026-12-31,ACTIVE
ASG-W-010-025,APT-010-025,WATER,WTR-010-025,WPLAN-001,2026-01-01,2026-12-31,ACTIVE
ASG-R-010-025,APT-010-025,RENTAL,RNT-010-025,RPLAN-003,2026-01-01,2026-12-31,ACTIVE
ASG-W-010-026,APT-010-026,WATER,WTR-010-026,WPLAN-001,2026-01-01,2026-12-31,ACTIVE
ASG-R-010-026,APT-010-026,RENTAL,RNT-010-026,RPLAN-002,2026-01-01,2026-12-31,ACTIVE
ASG-W-010-027,APT-010-027,WATER,WTR-010-027,WPLAN-001,2026-01-01,2026-12-31,ACTIVE
ASG-R-010-027,APT-010-027,RENTAL,RNT-010-027,RPLAN-002,2026-01-01,2026-12-31,ACTIVE
ASG-W-010-028,APT-010-028,WATER,WTR-010-028,WPLAN-002,2026-01-01,2026-12-31,ACTIVE
ASG-R-010-028,APT-010-028,RENTAL,RNT-010-028,RPLAN-002,2026-01-01,2026-12-31,ACTIVE
ASG-W-010-029,APT-010-029,WATER,WTR-010-029,WPLAN-002,2026-01-01,2026-12-31,ACTIVE
ASG-R-010-029,APT-010-029,RENTAL,RNT-010-029,RPLAN-001,2026-01-01,2026-12-31,ACTIVE
ASG-W-010-030,APT-010-030,WATER,WTR-010-030,WPLAN-003,2026-01-01,2026-12-31,ACTIVE
ASG-R-010-030,APT-010-030,RENTAL,RNT-010-030,RPLAN-002,2026-01-01,2026-12-31,ACTIVE
ASG-W-010-031,APT-010-031,WATER,WTR-010-031,WPLAN-001,2026-01-01,2026-12-31,ACTIVE
ASG-R-010-031,APT-010-031,RENTAL,RNT-010-031,RPLAN-002,2026-01-01,2026-12-31,ACTIVE
ASG-W-010-032,APT-010-032,WATER,WTR-010-032,WPLAN-001,2026-01-01,2026-12-31,ACTIVE
ASG-R-010-032,APT-010-032,RENTAL,RNT-010-032,RPLAN-002,2026-01-01,2026-12-31,ACTIVE
ASG-W-010-033,APT-010-033,WATER,WTR-010-033,WPLAN-003,2026-01-01,2026-12-31,ACTIVE
ASG-R-010-033,APT-010-033,RENTAL,RNT-010-033,RPLAN-002,2026-01-01,2026-12-31,ACTIVE
ASG-W-010-034,APT-010-034,WATER,WTR-010-034,WPLAN-003,2026-01-01,2026-12-31,ACTIVE
ASG-R-010-034,APT-010-034,RENTAL,RNT-010-034,RPLAN-003,2026-01-01,2026-12-31,ACTIVE
ASG-W-010-035,APT-010-035,WATER,WTR-010-035,WPLAN-001,2026-01-01,2026-12-31,ACTIVE
ASG-R-010-035,APT-010-035,RENTAL,RNT-010-035,RPLAN-002,2026-01-01,2026-12-31,ACTIVE
ASG-W-010-036,APT-010-036,WATER,WTR-010-036,WPLAN-002,2026-01-01,2026-12-31,ACTIVE
ASG-R-010-036,APT-010-036,RENTAL,RNT-010-036,RPLAN-003,2026-01-01,2026-12-31,ACTIVE
ASG-W-010-037,APT-010-037,WATER,WTR-010-037,WPLAN-002,2026-01-01,2026-12-31,ACTIVE
ASG-R-010-037,APT-010-037,RENTAL,RNT-010-037,RPLAN-001,2026-01-01,2026-12-31,ACTIVE
ASG-W-010-038,APT-010-038,WATER,WTR-010-038,WPLAN-003,2026-01-01,2026-12-31,ACTIVE
ASG-R-010-038,APT-010-038,RENTAL,RNT-010-038,RPLAN-003,2026-01-01,2026-12-31,ACTIVE
ASG-W-010-039,APT-010-039,WATER,WTR-010-039,WPLAN-001,2026-01-01,2026-12-31,ACTIVE
ASG-R-010-039,APT-010-039,RENTAL,RNT-010-039,RPLAN-001,2026-01-01,2026-12-31,ACTIVE
ASG-W-010-040,APT-010-040,WATER,WTR-010-040,WPLAN-001,2026-01-01,2026-12-31,ACTIVE
ASG-R-010-040,APT-010-040,RENTAL,RNT-010-040,RPLAN-002,2026-01-01,2026-12-31,ACTIVE
ASG-W-010-041,APT-010-041,WATER,WTR-010-041,WPLAN-001,2026-01-01,2026-12-31,ACTIVE
ASG-R-010-041,APT-010-041,RENTAL,RNT-010-041,RPLAN-001,2026-01-01,2026-12-31,ACTIVE
ASG-W-010-042,APT-010-042,WATER,WTR-010-042,WPLAN-003,2026-01-01,2026-12-31,ACTIVE
ASG-R-010-042,APT-010-042,RENTAL,RNT-010-042,RPLAN-002,2026-01-01,2026-12-31,ACTIVE
ASG-W-010-043,APT-010-043,WATER,WTR-010-043,WPLAN-003,2026-01-01,2026-12-31,ACTIVE
ASG-R-010-043,APT-010-043,RENTAL,RNT-010-043,RPLAN-003,2026-01-01,2026-12-31,ACTIVE
ASG-W-010-044,APT-010-044,WATER,WTR-010-044,WPLAN-001,2026-01-01,2026-12-31,ACTIVE
ASG-R-010-044,APT-010-044,RENTAL,RNT-010-044,RPLAN-002,2026-01-01,2026-12-31,ACTIVE
ASG-W-010-045,APT-010-045,WATER,WTR-010-045,WPLAN-001,2026-01-01,2026-12-31,ACTIVE
ASG-R-010-045,APT-010-045,RENTAL,RNT-010-045,RPLAN-003,2026-01-01,2026-12-31,ACTIVE
ASG-W-010-046,APT-010-046,WATER,WTR-010-046,WPLAN-002,2026-01-01,2026-12-31,ACTIVE
ASG-R-010-046,APT-010-046,RENTAL,RNT-010-046,RPLAN-003,2026-01-01,2026-12-31,ACTIVE
ASG-W-010-047,APT-010-047,WATER,WTR-010-047,WPLAN-003,2026-01-01,2026-12-31,ACTIVE
ASG-R-010-047,APT-010-047,RENTAL,RNT-010-047,RPLAN-002,2026-01-01,2026-12-31,ACTIVE
ASG-W-010-048,APT-010-048,WATER,WTR-010-048,WPLAN-001,2026-01-01,2026-12-31,ACTIVE
ASG-R-010-048,APT-010-048,RENTAL,RNT-010-048,RPLAN-001,2026-01-01,2026-12-31,ACTIVE
ASG-W-010-049,APT-010-049,WATER,WTR-010-049,WPLAN-003,2026-01-01,2026-12-31,ACTIVE
ASG-R-010-049,APT-010-049,RENTAL,RNT-010-049,RPLAN-001,2026-01-01,2026-12-31,ACTIVE
ASG-W-010-050,APT-010-050,WATER,WTR-010-050,WPLAN-002,2026-01-01,2026-12-31,ACTIVE
ASG-R-010-050,APT-010-050,RENTAL,RNT-010-050,RPLAN-002,2026-01-01,2026-12-31,ACTIVE
