billing_month,apartment_id,location_code,water_device_id,rental_device_id,water_plan_id,rental_plan_id,water_active_days,rental_active_days,water_usage_m3,water_revenue,rental_revenue,total_revenue,validation_flag,exception_code
2026-09,APT-001-001,HYD-NORTH,WTR-001-001,RNT-001-001,WPLAN-001,RPLAN-003,30,177,11.381,548.34,9440.0,9988.34,PASS,
2026-09,APT-001-002,HYD-NORTH,WTR-001-002,RNT-001-002,WPLAN-001,RPLAN-001,30,269,19.27,824.45,7173.33,7997.78,PASS,
2026-09,APT-001-003,HYD-NORTH,WTR-001-003,RNT-001-003,WPLAN-002,RPLAN-001,30,238,16.335,853.4,6346.67,7200.07,PASS,
2026-09,APT-001-004,HYD-NORTH,WTR-001-004,RNT-001-004,WPLAN-003,RPLAN-001,30,241,11.352,844.9,6426.67,7271.57,PASS,
2026-09,APT-001-005,HYD-NORTH,WTR-001-005,RNT-001-005,WPLAN-001,RPLAN-003,30,180,10.958,533.53,9600.0,10133.53,PASS,
2026-09,APT-001-006,HYD-NORTH,WTR-001-006,RNT-001-006,WPLAN-001,RPLAN-001,30,189,22.26,929.1,5040.0,5969.1,PASS,
2026-09,APT-001-007,HYD-NORTH,WTR-001-007,RNT-001-007,WPLAN-001,RPLAN-003,30,256,11.176,541.16,13653.33,14194.49,PASS,
2026-09,APT-001-008,HYD-NORTH,WTR-001-008,RNT-001-008,WPLAN-002,RPLAN-002,30,259,16.782,871.28,10360.0,11231.28,PASS,
2026-09,APT-001-009,HYD-NORTH,WTR-001-009,RNT-001-009,WPLAN-001,RPLAN-003,30,240,11.63,557.05,12800.0,13357.05,PASS,
2026-09,APT-001-010,HYD-NORTH,WTR-001-010,RNT-001-010,WPLAN-003,RPLAN-003,30,194,16.02,1068.96,10346.67,11415.63,PASS,
2026-09,APT-001-011,HYD-NORTH,WTR-001-011,RNT-001-011,WPLAN-003,RPLAN-002,30,167,21.021,1309.01,6680.0,7989.01,PASS,
2026-09,APT-001-012,HYD-NORTH,WTR-001-012,RNT-001-012,WPLAN-003,RPLAN-002,30,241,21.806,1346.69,9640.0,10986.69,PASS,
2026-09,APT-001-013,HYD-NORTH,WTR-001-013,RNT-001-013,WPLAN-001,RPLAN-001,30,194,18.509,797.82,5173.33,5971.15,PASS,
2026-09,APT-001-014,HYD-NORTH,WTR-001-014,RNT-001-014,WPLAN-003,RPLAN-003,30,157,11.84,868.32,8373.33,9241.65,PASS,
2026-09,APT-001-015,HYD-NORTH,WTR-001-015,RNT-001-015,WPLAN-002,RPLAN-001,30,176,16.402,856.08,4693.33,5549.41,PASS,
2026-09,APT-001-016,HYD-NORTH,WTR-001-016,RNT-001-016,WPLAN-001,RPLAN-003,30,169,22.623,941.8,9013.33,9955.13,PASS,
2026-09,APT-001-017,HYD-NORTH,WTR-001-017,RNT-001-017,WPLAN-003,RPLAN-002,30,215,19.474,1234.75,8600.0,9834.75,PASS,
2026-09,APT-001-018,HYD-NORTH,WTR-001-018,RNT-001-018,WPLAN-003,RPLAN-002,30,242,16.913,1111.82,9680.0,10791.82,PASS,
2026-09,APT-001-019,HYD-NORTH,WTR-001-019,RNT-001-019,WPLAN-001,RPLAN-003,30,170,18.049,781.72,9066.67,9848.39,PASS,
2026-09,APT-001-020,HYD-NORTH,WTR-001-020,RNT-001-020,WPLAN-003,RPLAN-003,30,248,11.297,842.26,13226.67,14068.93,PASS,
2026-09,APT-001-021,HYD-NORTH,WTR-001-021,RNT-001-021,WPLAN-002,RPLAN-001,30,224,11.33,653.2,5973.33,6626.53,PASS,
2026-09,APT-001-022,HYD-NORTH,WTR-001-022,RNT-001-022,WPLAN-001,RPLAN-001,30,216,19.36,827.6,5760.0,6587.6,PASS,
2026-09,APT-001-023,HYD-NORTH,WTR-001-023,RNT-001-023,WPLAN-003,RPLAN-001,30,181,18.841,1204.37,4826.67,6031.04,PASS,
2026-09,APT-001-024,HYD-NORTH,WTR-001-024,RNT-001-024,WPLAN-001,RPLAN-001,30,160,11.053,536.86,4266.67,4803.53,PASS,
2026-09,APT-001-025,HYD-NORTH,WTR-001-025,RNT-001-025,WPLAN-003,RPLAN-003,30,177,24.094,1456.51,9440.0,10896.51,PASS,
2026-09,APT-001-026,HYD-NORTH,WTR-001-026,RNT-001-026,WPLAN-002,RPLAN-002,30,205,11.008,640.32,8200.0,8840.32,PASS,
2026-09,APT-001-027,HYD-NORTH,WTR-001-027,RNT-001-027,WPLAN-002,RPLAN-002,30,142,21.481,1059.24,5680.0,6739.24,PASS,
2026-09,APT-001-028,HYD-NORTH,WTR-001-028,RNT-001-028,WPLAN-001,RPLAN-002,30,261,19.288,825.08,10440.0,11265.08,PASS,
2026-09,APT-001-029,HYD-NORTH,WTR-001-029,RNT-001-029,WPLAN-002,RPLAN-002,30,157,17.881,915.24,6280.0,7195.24,PASS,
2026-09,APT-001-030,HYD-NORTH,WTR-001-030,RNT-001-030,WPLAN-003,RPLAN-001,30,198,18.065,1167.12,5280.0,6447.12,PASS,
2026-09,APT-001-031,HYD-NORTH,WTR-001-031,RNT-001-031,WPLAN-003,RPLAN-001,30,173,11.556,854.69,4613.33,5468.02,PASS,
2026-09,APT-001-032,HYD-NORTH,WTR-001-032,RNT-001-032,WPLAN-002,RPLAN-003,30,267,16.201,848.04,14240.0,15088.04,PASS,
2026-09,APT-001-033,HYD-NORTH,WTR-001-033,RNT-001-033,WPLAN-001,RPLAN-003,30,168,18.58,800.3,8960.0,9760.3,PASS,
2026-09,APT-001-034,HYD-NORTH,WTR-001-034,RNT-001-034,WPLAN-003,RPLAN-001,30,256,15.611,1049.33,6826.67,7876.0,PASS,
2026-09,APT-001-035,HYD-NORTH,WTR-001-035,RNT-001-035,WPLAN-001,RPLAN-002,30,150,11.799,562.96,6000.0,6562.96,PASS,
2026-09,APT-001-036,HYD-NORTH,WTR-001-036,RNT-001-036,WPLAN-002,RPLAN-002,30,211,19.89,995.6,8440.0,9435.6,PASS,
2026-09,APT-001-037,HYD-NORTH,WTR-001-037,RNT-001-037,WPLAN-003,RPLAN-002,30,215,20.111,1265.33,8600.0,9865.33,PASS,
2026-09,APT-001-038,HYD-NORTH,WTR-001-038,RNT-001-038,WPLAN-001,RPLAN-003,30,252,19.868,845.38,13440.0,14285.38,PASS,
2026-09,APT-001-039,HYD-NORTH,WTR-001-039,RNT-001-039,WPLAN-001,RPLAN-003,30,217,15.674,698.59,11573.33,12271.92,PASS,
2026-09,APT-001-040,HYD-NORTH,WTR-001-040,RNT-001-040,WPLAN-001,RPLAN-001,30,181,18.114,783.99,4826.67,5610.66,PASS,
2026-09,APT-001-041,HYD-NORTH,WTR-001-041,RNT-001-041,WPLAN-002,RPLAN-002,30,179,10.982,639.28,7160.0,7799.28,PASS,
2026-09,APT-001-042,HYD-NORTH,WTR-001-042,RNT-001-042,WPLAN-003,RPLAN-002,30,194,16.182,1076.74,7760.0,8836.74,PASS,
2026-09,APT-001-043,HYD-NORTH,WTR-001-043,RNT-001-043,WPLAN-003,RPLAN-001,30,198,16.572,1095.46,5280.0,6375.46,PASS,
2026-09,APT-001-044,HYD-NORTH,WTR-001-044,RNT-001-044,WPLAN-003,RPLAN-001,30,246,23.415,1423.92,6560.0,7983.92,PASS,
2026-09,APT-001-045,HYD-NORTH,WTR-001-045,RNT-001-045,WPLAN-001,RPLAN-001,30,211,18.008,780.28,5626.67,6406.95,PASS,
2026-09,APT-001-046,HYD-NORTH,WTR-001-046,RNT-001-046,WPLAN-003,RPLAN-003,30,141,16.79,1105.92,7520.0,8625.92,PASS,
2026-09,APT-001-047,HYD-NORTH,WTR-001-047,RNT-001-047,WPLAN-002,RPLAN-002,30,184,19.196,967.84,7360.0,8327.84,PASS,
2026-09,APT-001-048,HYD-NORTH,WTR-001-048,RNT-001-048,WPLAN-001,RPLAN-001,30,157,11.707,559.74,4186.67,4746.41,PASS,
2026-09,APT-001-049,HYD-NORTH,WTR-001-049,RNT-001-049,WPLAN-003,RPLAN-002,30,236,11.7,861.6,9440.0,10301.6,PASS,
2026-09,APT-001-050,HYD-NORTH,WTR-001-050,RNT-001-050,WPLAN-003,RPLAN-003,30,164,17.782,1153.54,8746.67,9900.21,PASS,
2026-09,APT-002-001,HYD-EAST,WTR-002-001,RNT-002-001,WPLAN-003,RPLAN-001,30,219,19.232,1223.14,5840.0,7063.14,PASS,
2026-09,APT-002-002,HYD-EAST,WTR-002-002,RNT-002-002,WPLAN-001,RPLAN-002,30,254,16.123,714.3,10160.0,10874.3,PASS,
2026-09,APT-002-003,HYD-EAST,WTR-002-003,RNT-002-003,WPLAN-001,RPLAN-001,30,148,19.91,846.85,3946.67,4793.52,PASS,
2026-09,APT-002-004,HYD-EAST,WTR-002-004,RNT-002-004,WPLAN-003,RPLAN-001,30,238,22.586,1384.13,6346.67,7730.8,PASS,
2026-09,APT-002-005,HYD-EAST,WTR-002-005,RNT-002-005,WPLAN-003,RPLAN-002,30,208,22.726,1390.85,8320.0,9710.85,PASS,
2026-09,APT-002-006,HYD-EAST,WTR-002-006,RNT-002-006,WPLAN-001,RPLAN-002,30,244,17.558,764.53,9760.0,10524.53,PASS,
2026-09,APT-002-007,HYD-EAST,WTR-002-007,RNT-002-007,WPLAN-001,RPLAN-003,30,248,16.459,726.06,13226.67,13952.73,PASS,
2026-09,APT-002-008,HYD-EAST,WTR-002-008,RNT-002-008,WPLAN-001,RPLAN-003,30,175,19.761,841.64,9333.33,10174.97,PASS,
2026-09,APT-002-009,HYD-EAST,WTR-002-009,RNT-002-009,WPLAN-002,RPLAN-003,30,169,20.567,1022.68,9013.33,10036.01,PASS,
2026-09,APT-002-010,HYD-EAST,WTR-002-010,RNT-002-010,WPLAN-003,RPLAN-002,30,148,20.341,1276.37,5920.0,7196.37,PASS,
2026-09,APT-002-011,HYD-EAST,WTR-002-011,RNT-002-011,WPLAN-002,RPLAN-003,30,225,15.275,811.0,12000.0,12811.0,PASS,
2026-09,APT-002-012,HYD-EAST,WTR-002-012,RNT-002-012,WPLAN-001,RPLAN-003,30,243,20.222,857.77,12960.0,13817.77,PASS,
2026-09,APT-002-013,HYD-EAST,WTR-002-013,RNT-002-013,WPLAN-003,RPLAN-001,30,258,11.59,856.32,6880.0,7736.32,PASS,
2026-09,APT-002-014,HYD-EAST,WTR-002-014,RNT-002-014,WPLAN-003,RPLAN-003,30,155,11.521,853.01,8266.67,9119.68,PASS,
2026-09,APT-002-015,HYD-EAST,WTR-002-015,RNT-002-015,WPLAN-002,RPLAN-001,30,239,16.463,858.52,6373.33,7231.85,PASS,
2026-09,APT-002-016,HYD-EAST,WTR-002-016,RNT-002-016,WPLAN-001,RPLAN-002,30,169,22.087,923.04,6760.0,7683.04,PASS,
2026-09,APT-002-017,HYD-EAST,WTR-002-017,RNT-002-017,WPLAN-001,RPLAN-001,30,193,10.559,519.57,5146.67,5666.24,PASS,
2026-09,APT-002-018,HYD-EAST,WTR-002-018,RNT-002-018,WPLAN-002,RPLAN-003,30,213,22.371,1094.84,11360.0,12454.84,PASS,
2026-09,APT-002-019,HYD-EAST,WTR-002-019,RNT-002-019,WPLAN-003,RPLAN-003,30,197,20.214,1270.27,10506.67,11776.94,PASS,
2026-09,APT-002-020,HYD-EAST,WTR-002-020,RNT-002-020,WPLAN-002,RPLAN-002,30,192,18.89,955.6,7680.0,8635.6,PASS,
2026-09,APT-002-021,HYD-EAST,WTR-002-021,RNT-002-021,WPLAN-001,RPLAN-003,30,191,11.519,553.16,10186.67,10739.83,PASS,
2026-09,APT-002-022,HYD-EAST,WTR-002-022,RNT-002-022,WPLAN-002,RPLAN-002,30,183,11.373,654.92,7320.0,7974.92,PASS,
2026-09,APT-002-023,HYD-EAST,WTR-002-023,RNT-002-023,WPLAN-002,RPLAN-001,30,171,18.655,946.2,4560.0,5506.2,PASS,
2026-09,APT-002-024,HYD-EAST,WTR-002-024,RNT-002-024,WPLAN-002,RPLAN-003,30,168,19.088,963.52,8960.0,9923.52,PASS,
2026-09,APT-002-025,HYD-EAST,WTR-002-025,RNT-002-025,WPLAN-002,RPLAN-002,30,245,19.324,972.96,9800.0,10772.96,PASS,
2026-09,APT-002-026,HYD-EAST,WTR-002-026,RNT-002-026,WPLAN-001,RPLAN-003,30,205,17.06,747.1,10933.33,11680.43,PASS,
2026-09,APT-002-027,HYD-EAST,WTR-002-027,RNT-002-027,WPLAN-003,RPLAN-003,30,214,11.422,848.26,11413.33,12261.59,PASS,
2026-09,APT-002-028,HYD-EAST,WTR-002-028,RNT-002-028,WPLAN-002,RPLAN-001,30,166,18.87,954.8,4426.67,5381.47,PASS,
2026-09,APT-002-029,HYD-EAST,WTR-002-029,RNT-002-029,WPLAN-003,RPLAN-002,30,202,17.118,1121.66,8080.0,9201.66,PASS,
2026-09,APT-002-030,HYD-EAST,WTR-002-030,RNT-002-030,WPLAN-001,RPLAN-003,30,197,11.945,568.08,10506.67,11074.75,PASS,
2026-09,APT-002-031,HYD-EAST,WTR-002-031,RNT-002-031,WPLAN-001,RPLAN-001,30,149,19.173,821.06,3973.33,4794.39,PASS,
2026-09,APT-002-032,HYD-EAST,WTR-002-032,RNT-002-032,WPLAN-002,RPLAN-001,30,153,16.192,847.68,4080.0,4927.68,PASS,
2026-09,APT-002-033,HYD-EAST,WTR-002-033,RNT-002-033,WPLAN-002,RPLAN-003,30,239,17.731,909.24,12746.67,13655.91,PASS,
2026-09,APT-002-034,HYD-EAST,WTR-002-034,RNT-002-034,WPLAN-003,RPLAN-001,30,168,16.883,1110.38,4480.0,5590.38,PASS,
2026-09,APT-002-035,HYD-EAST,WTR-002-035,RNT-002-035,WPLAN-003,RPLAN-002,30,198,11.753,864.14,7920.0,8784.14,PASS,
2026-09,APT-002-036,HYD-EAST,WTR-002-036,RNT-002-036,WPLAN-002,RPLAN-002,30,190,18.118,924.72,7600.0,8524.72,PASS,
2026-09,APT-002-037,HYD-EAST,WTR-002-037,RNT-002-037,WPLAN-001,RPLAN-001,30,200,12.151,575.28,5333.33,5908.61,PASS,
2026-09,APT-002-038,HYD-EAST,WTR-002-038,RNT-002-038,WPLAN-001,RPLAN-002,30,258,18.952,813.32,10320.0,11133.32,PASS,
2026-09,APT-002-039,HYD-EAST,WTR-002-039,RNT-002-039,WPLAN-002,RPLAN-002,30,155,18.399,935.96,6200.0,7135.96,PASS,
2026-09,APT-002-040,HYD-EAST,WTR-002-040,RNT-002-040,WPLAN-002,RPLAN-001,30,241,12.005,680.2,6426.67,7106.87,PASS,
2026-09,APT-002-041,HYD-EAST,WTR-002-041,RNT-002-041,WPLAN-001,RPLAN-001,30,243,11.393,548.76,6480.0,7028.76,PASS,
2026-09,APT-002-042,HYD-EAST,WTR-002-042,RNT-002-042,WPLAN-001,RPLAN-002,30,256,21.887,916.04,10240.0,11156.04,PASS,
2026-09,APT-002-043,HYD-EAST,WTR-002-043,RNT-002-043,WPLAN-002,RPLAN-003,30,167,11.386,655.44,8906.67,9562.11,PASS,
2026-09,APT-002-044,HYD-EAST,WTR-002-044,RNT-002-044,WPLAN-003,RPLAN-003,30,170,15.697,1053.46,9066.67,10120.13,PASS,
2026-09,APT-002-045,HYD-EAST,WTR-002-045,RNT-002-045,WPLAN-002,RPLAN-001,30,253,22.215,1088.6,6746.67,7835.27,PASS,
2026-09,APT-002-046,HYD-EAST,WTR-002-046,RNT-002-046,WPLAN-001,RPLAN-001,30,195,16.05,711.75,5200.0,5911.75,PASS,
2026-09,APT-002-047,HYD-EAST,WTR-002-047,RNT-002-047,WPLAN-002,RPLAN-003,30,232,22.649,1105.96,12373.33,13479.29,PASS,
2026-09,APT-002-048,HYD-EAST,WTR-002-048,RNT-002-048,WPLAN-001,RPLAN-003,30,246,15.868,705.38,13120.0,13825.38,PASS,
2026-09,APT-002-049,HYD-EAST,WTR-002-049,RNT-002-049,WPLAN-003,RPLAN-002,30,171,17.496,1139.81,6840.0,7979.81,PASS,
2026-09,APT-002-050,HYD-EAST,WTR-002-050,RNT-002-050,WPLAN-002,RPLAN-001,30,222,19.547,981.88,5920.0,6901.88,PASS,
2026-09,APT-003-001,HYD-WEST,WTR-003-001,RNT-003-001,WPLAN-002,RPLAN-002,30,216,21.318,1052.72,8640.0,9692.72,PASS,
2026-09,APT-003-002,HYD-WEST,WTR-003-002,RNT-003-002,WPLAN-002,RPLAN-001,30,255,15.958,838.32,6800.0,7638.32,PASS,
2026-09,APT-003-003,HYD-WEST,WTR-003-003,RNT-003-003,WPLAN-003,RPLAN-003,30,230,10.699,813.55,12266.67,13080.22,PASS,
2026-09,APT-003-004,HYD-WEST,WTR-003-004,RNT-003-004,WPLAN-001,RPLAN-003,30,227,11.894,566.29,12106.67,12672.96,PASS,
2026-09,APT-003-005,HYD-WEST,WTR-003-005,RNT-003-005,WPLAN-003,RPLAN-001,30,197,16.347,1084.66,5253.33,6337.99,PASS,
2026-09,APT-003-006,HYD-WEST,WTR-003-006,RNT-003-006,WPLAN-003,RPLAN-002,30,184,16.017,1068.82,7360.0,8428.82,PASS,
2026-09,APT-003-007,HYD-WEST,WTR-003-007,RNT-003-007,WPLAN-001,RPLAN-001,30,272,10.679,523.76,7253.33,7777.09,PASS,
2026-09,APT-003-008,HYD-WEST,WTR-003-008,RNT-003-008,WPLAN-002,RPLAN-002,30,170,11.916,676.64,6800.0,7476.64,PASS,
2026-09,APT-003-009,HYD-WEST,WTR-003-009,RNT-003-009,WPLAN-002,RPLAN-002,30,229,11.239,649.56,9160.0,9809.56,PASS,
2026-09,APT-003-010,HYD-WEST,WTR-003-010,RNT-003-010,WPLAN-001,RPLAN-001,30,156,10.871,530.48,4160.0,4690.48,PASS,
2026-09,APT-003-011,HYD-WEST,WTR-003-011,RNT-003-011,WPLAN-001,RPLAN-002,30,159,18.283,789.91,6360.0,7149.91,PASS,
2026-09,APT-003-012,HYD-WEST,WTR-003-012,RNT-003-012,WPLAN-002,RPLAN-002,30,256,17.774,910.96,10240.0,11150.96,PASS,
2026-09,APT-003-013,HYD-WEST,WTR-003-013,RNT-003-013,WPLAN-002,RPLAN-002,30,226,21.795,1071.8,9040.0,10111.8,PASS,
2026-09,APT-003-014,HYD-WEST,WTR-003-014,RNT-003-014,WPLAN-001,RPLAN-002,30,232,16.492,727.22,9280.0,10007.22,PASS,
2026-09,APT-003-015,HYD-WEST,WTR-003-015,RNT-003-015,WPLAN-002,RPLAN-001,30,178,21.6,1064.0,4746.67,5810.67,PASS,
2026-09,APT-003-016,HYD-WEST,WTR-003-016,RNT-003-016,WPLAN-003,RPLAN-003,30,236,20.47,1282.56,12586.67,13869.23,PASS,
2026-09,APT-003-017,HYD-WEST,WTR-003-017,RNT-003-017,WPLAN-002,RPLAN-003,30,163,22.227,1089.08,8693.33,9782.41,PASS,
2026-09,APT-003-018,HYD-WEST,WTR-003-018,RNT-003-018,WPLAN-003,RPLAN-001,30,235,11.267,840.82,6266.67,7107.49,PASS,
2026-09,APT-003-019,HYD-WEST,WTR-003-019,RNT-003-019,WPLAN-002,RPLAN-001,30,258,21.69,1067.6,6880.0,7947.6,PASS,
2026-09,APT-003-020,HYD-WEST,WTR-003-020,RNT-003-020,WPLAN-001,RPLAN-002,30,218,22.758,946.53,8720.0,9666.53,PASS,
2026-09,APT-003-021,HYD-WEST,WTR-003-021,RNT-003-021,WPLAN-001,RPLAN-002,30,210,20.825,878.88,8400.0,9278.88,PASS,
2026-09,APT-003-022,HYD-WEST,WTR-003-022,RNT-003-022,WPLAN-002,RPLAN-003,30,161,11.764,670.56,8586.67,9257.23,PASS,
2026-09,APT-003-023,HYD-WEST,WTR-003-023,RNT-003-023,WPLAN-002,RPLAN-002,30,185,11.767,670.68,7400.0,8070.68,PASS,
2026-09,APT-003-024,HYD-WEST,WTR-003-024,RNT-003-024,WPLAN-002,RPLAN-002,30,255,21.482,1059.28,10200.0,11259.28,PASS,
2026-09,APT-003-025,HYD-WEST,WTR-003-025,RNT-003-025,WPLAN-002,RPLAN-003,30,170,18.061,922.44,9066.67,9989.11,PASS,
2026-09,APT-003-026,HYD-WEST,WTR-003-026,RNT-003-026,WPLAN-003,RPLAN-001,30,158,10.898,823.1,4213.33,5036.43,PASS,
2026-09,APT-003-027,HYD-WEST,WTR-003-027,RNT-003-027,WPLAN-002,RPLAN-002,30,241,16.695,867.8,9640.0,10507.8,PASS,
2026-09,APT-003-028,HYD-WEST,WTR-003-028,RNT-003-028,WPLAN-003,RPLAN-003,30,238,20.999,1307.95,12693.33,14001.28,PASS,
2026-09,APT-003-029,HYD-WEST,WTR-003-029,RNT-003-029,WPLAN-001,RPLAN-002,30,252,20.669,873.42,10080.0,10953.42,PASS,
2026-09,APT-003-030,HYD-WEST,WTR-003-030,RNT-003-030,WPLAN-002,RPLAN-001,30,243,17.933,917.32,6480.0,7397.32,PASS,
2026-09,APT-003-031,HYD-WEST,WTR-003-031,RNT-003-031,WPLAN-002,RPLAN-002,30,203,16.001,840.04,8120.0,8960.04,PASS,
2026-09,APT-003-032,HYD-WEST,WTR-003-032,RNT-003-032,WPLAN-002,RPLAN-003,30,155,11.815,672.6,8266.67,8939.27,PASS,
2026-09,APT-003-033,HYD-WEST,WTR-003-033,RNT-003-033,WPLAN-003,RPLAN-003,30,209,11.969,874.51,11146.67,12021.18,PASS,
2026-09,APT-003-034,HYD-WEST,WTR-003-034,RNT-003-034,WPLAN-002,RPLAN-003,30,259,11.841,673.64,13813.33,14486.97,PASS,
2026-09,APT-003-035,HYD-WEST,WTR-003-035,RNT-003-035,WPLAN-001,RPLAN-002,30,252,16.372,723.02,10080.0,10803.02,PASS,
2026-09,APT-003-036,HYD-WEST,WTR-003-036,RNT-003-036,WPLAN-002,RPLAN-002,30,247,20.64,1025.6,9880.0,10905.6,PASS,
2026-09,APT-003-037,HYD-WEST,WTR-003-037,RNT-003-037,WPLAN-002,RPLAN-002,30,209,21.575,1063.0,8360.0,9423.0,PASS,
2026-09,APT-003-038,HYD-WEST,WTR-003-038,RNT-003-038,WPLAN-001,RPLAN-003,30,244,21.262,894.17,13013.33,13907.5,PASS,
2026-09,APT-003-039,HYD-WEST,WTR-003-039,RNT-003-039,WPLAN-001,RPLAN-003,30,146,11.406,549.21,7786.67,8335.88,PASS,
2026-09,APT-003-040,HYD-WEST,WTR-003-040,RNT-003-040,WPLAN-003,RPLAN-001,30,242,20.935,1304.88,6453.33,7758.21,PASS,
2026-09,APT-003-041,HYD-WEST,WTR-003-041,RNT-003-041,WPLAN-003,RPLAN-003,30,264,20.495,1283.76,14080.0,15363.76,PASS,
2026-09,APT-003-042,HYD-WEST,WTR-003-042,RNT-003-042,WPLAN-001,RPLAN-003,30,238,21.355,897.42,12693.33,13590.75,PASS,
2026-09,APT-003-043,HYD-WEST,WTR-003-043,RNT-003-043,WPLAN-002,RPLAN-003,30,232,21.537,1061.48,12373.33,13434.81,PASS,
2026-09,APT-003-044,HYD-WEST,WTR-003-044,RNT-003-044,WPLAN-001,RPLAN-002,30,182,21.671,908.48,7280.0,8188.48,PASS,
2026-09,APT-003-045,HYD-WEST,WTR-003-045,RNT-003-045,WPLAN-002,RPLAN-003,30,241,15.868,834.72,12853.33,13688.05,PASS,
2026-09,APT-003-046,HYD-WEST,WTR-003-046,RNT-003-046,WPLAN-001,RPLAN-002,30,223,16.979,744.26,8920.0,9664.26,PASS,
2026-09,APT-003-047,HYD-WEST,WTR-003-047,RNT-003-047,WPLAN-003,RPLAN-002,30,263,12.213,886.22,10520.0,11406.22,PASS,
2026-09,APT-003-048,HYD-WEST,WTR-003-048,RNT-003-048,WPLAN-001,RPLAN-003,30,175,18.742,805.97,9333.33,10139.3,PASS,
2026-09,APT-003-049,HYD-WEST,WTR-003-049,RNT-003-049,WPLAN-002,RPLAN-001,30,257,11.698,667.92,6853.33,7521.25,PASS,
2026-09,APT-003-050,HYD-WEST,WTR-003-050,RNT-003-050,WPLAN-002,RPLAN-003,30,187,20.218,1008.72,9973.33,10982.05,PASS,
2026-09,APT-004-001,HYD-CENTRAL,WTR-004-001,RNT-004-001,WPLAN-001,RPLAN-003,30,209,16.589,730.62,11146.67,11877.29,PASS,
2026-09,APT-004-002,HYD-CENTRAL,WTR-004-002,RNT-004-002,WPLAN-002,RPLAN-002,30,260,11.623,664.92,10400.0,11064.92,PASS,
2026-09,APT-004-003,HYD-CENTRAL,WTR-004-003,RNT-004-003,WPLAN-001,RPLAN-002,30,156,16.125,714.38,6240.0,6954.38,PASS,
2026-09,APT-004-004,HYD-CENTRAL,WTR-004-004,RNT-004-004,WPLAN-003,RPLAN-002,30,265,11.596,856.61,10600.0,11456.61,PASS,
2026-09,APT-004-005,HYD-CENTRAL,WTR-004-005,RNT-004-005,WPLAN-003,RPLAN-002,30,182,16.023,1069.1,7280.0,8349.1,PASS,
2026-09,APT-004-006,HYD-CENTRAL,WTR-004-006,RNT-004-006,WPLAN-003,RPLAN-003,30,215,11.442,849.22,11466.67,12315.89,PASS,
2026-09,APT-004-007,HYD-CENTRAL,WTR-004-007,RNT-004-007,WPLAN-003,RPLAN-002,30,151,16.654,1099.39,6040.0,7139.39,PASS,
2026-09,APT-004-008,HYD-CENTRAL,WTR-004-008,RNT-004-008,WPLAN-003,RPLAN-001,30,186,11.845,868.56,4960.0,5828.56,PASS,
2026-09,APT-004-009,HYD-CENTRAL,WTR-004-009,RNT-004-009,WPLAN-002,RPLAN-003,30,192,11.227,649.08,10240.0,10889.08,PASS,
2026-09,APT-004-010,HYD-CENTRAL,WTR-004-010,RNT-004-010,WPLAN-003,RPLAN-003,30,208,18.438,1185.02,11093.33,12278.35,PASS,
2026-09,APT-004-011,HYD-CENTRAL,WTR-004-011,RNT-004-011,WPLAN-003,RPLAN-001,30,145,18.363,1181.42,3866.67,5048.09,PASS,
2026-09,APT-004-012,HYD-CENTRAL,WTR-004-012,RNT-004-012,WPLAN-001,RPLAN-001,30,247,18.076,782.66,6586.67,7369.33,PASS,
2026-09,APT-004-013,HYD-CENTRAL,WTR-004-013,RNT-004-013,WPLAN-003,RPLAN-003,30,229,19.155,1219.44,12213.33,13432.77,PASS,
2026-09,APT-004-014,HYD-CENTRAL,WTR-004-014,RNT-004-014,WPLAN-002,RPLAN-001,30,221,16.678,867.12,5893.33,6760.45,PASS,
2026-09,APT-004-015,HYD-CENTRAL,WTR-004-015,RNT-004-015,WPLAN-003,RPLAN-003,30,181,20.122,1265.86,9653.33,10919.19,PASS,
2026-09,APT-004-016,HYD-CENTRAL,WTR-004-016,RNT-004-016,WPLAN-001,RPLAN-003,30,213,18.769,806.92,11360.0,12166.92,PASS,
2026-09,APT-004-017,HYD-CENTRAL,WTR-004-017,RNT-004-017,WPLAN-003,RPLAN-003,30,145,10.473,802.7,7733.33,8536.03,PASS,
2026-09,APT-004-018,HYD-CENTRAL,WTR-004-018,RNT-004-018,WPLAN-003,RPLAN-002,30,267,21.014,1308.67,10680.0,11988.67,MANUAL_REVIEW,MISSING_USAGE
2026-09,APT-004-019,HYD-CENTRAL,WTR-004-019,RNT-004-019,WPLAN-002,RPLAN-002,30,188,11.487,659.48,7520.0,8179.48,PASS,
2026-09,APT-004-020,HYD-CENTRAL,WTR-004-020,RNT-004-020,WPLAN-001,RPLAN-001,30,260,16.313,720.96,6933.33,7654.29,PASS,
2026-09,APT-004-021,HYD-CENTRAL,WTR-004-021,RNT-004-021,WPLAN-001,RPLAN-002,30,205,17.853,774.86,8200.0,8974.86,PASS,
2026-09,APT-004-022,HYD-CENTRAL,WTR-004-022,RNT-004-022,WPLAN-001,RPLAN-003,30,252,18.123,784.3,13440.0,14224.3,PASS,
2026-09,APT-004-023,HYD-CENTRAL,WTR-004-023,RNT-004-023,WPLAN-003,RPLAN-003,30,159,11.032,829.54,8480.0,9309.54,PASS,
2026-09,APT-004-024,HYD-CENTRAL,WTR-004-024,RNT-004-024,WPLAN-003,RPLAN-003,30,147,16.092,1072.42,7840.0,8912.42,PASS,
2026-09,APT-004-025,HYD-CENTRAL,WTR-004-025,RNT-004-025,WPLAN-003,RPLAN-003,30,216,17.659,1147.63,11520.0,12667.63,PASS,
2026-09,APT-004-026,HYD-CENTRAL,WTR-004-026,RNT-004-026,WPLAN-001,RPLAN-002,30,249,22.358,932.53,9960.0,10892.53,PASS,
2026-09,APT-004-027,HYD-CENTRAL,WTR-004-027,RNT-004-027,WPLAN-002,RPLAN-002,30,152,18.244,929.76,6080.0,7009.76,PASS,
2026-09,APT-004-028,HYD-CENTRAL,WTR-004-028,RNT-004-028,WPLAN-002,RPLAN-003,30,187,11.681,667.24,9973.33,10640.57,PASS,
2026-09,APT-004-029,HYD-CENTRAL,WTR-004-029,RNT-004-029,WPLAN-003,RPLAN-003,30,177,17.982,1163.14,9440.0,10603.14,PASS,
2026-09,APT-004-030,HYD-CENTRAL,WTR-004-030,RNT-004-030,WPLAN-003,RPLAN-001,30,145,10.885,822.48,3866.67,4689.15,PASS,
2026-09,APT-004-031,HYD-CENTRAL,WTR-004-031,RNT-004-031,WPLAN-002,RPLAN-001,30,152,15.651,826.04,4053.33,4879.37,PASS,
2026-09,APT-004-032,HYD-CENTRAL,WTR-004-032,RNT-004-032,WPLAN-002,RPLAN-001,30,231,11.848,673.92,6160.0,6833.92,PASS,
2026-09,APT-004-033,HYD-CENTRAL,WTR-004-033,RNT-004-033,WPLAN-002,RPLAN-002,30,148,11.621,664.84,5920.0,6584.84,PASS,
2026-09,APT-004-034,HYD-CENTRAL,WTR-004-034,RNT-004-034,WPLAN-001,RPLAN-001,30,164,15.672,698.52,4373.33,5071.85,PASS,
2026-09,APT-004-035,HYD-CENTRAL,WTR-004-035,RNT-004-035,WPLAN-003,RPLAN-001,30,229,18.284,1177.63,6106.67,7284.3,PASS,
2026-09,APT-004-036,HYD-CENTRAL,WTR-004-036,RNT-004-036,WPLAN-002,RPLAN-002,30,192,16.904,876.16,7680.0,8556.16,PASS,
2026-09,APT-004-037,HYD-CENTRAL,WTR-004-037,RNT-004-037,WPLAN-002,RPLAN-002,30,179,19.213,968.52,7160.0,8128.52,PASS,
2026-09,APT-004-038,HYD-CENTRAL,WTR-004-038,RNT-004-038,WPLAN-001,RPLAN-003,30,242,19.461,831.14,12906.67,13737.81,PASS,
2026-09,APT-004-039,HYD-CENTRAL,WTR-004-039,RNT-004-039,WPLAN-002,RPLAN-002,30,195,22.335,1093.4,7800.0,8893.4,PASS,
2026-09,APT-004-040,HYD-CENTRAL,WTR-004-040,RNT-004-040,WPLAN-002,RPLAN-001,30,230,10.313,612.52,6133.33,6745.85,PASS,
2026-09,APT-004-041,HYD-CENTRAL,WTR-004-041,RNT-004-041,WPLAN-002,RPLAN-003,30,250,20.122,1004.88,13333.33,14338.21,PASS,
2026-09,APT-004-042,HYD-CENTRAL,WTR-004-042,RNT-004-042,WPLAN-003,RPLAN-002,30,166,19.336,1228.13,6640.0,7868.13,PASS,
2026-09,APT-004-043,HYD-CENTRAL,WTR-004-043,RNT-004-043,WPLAN-002,RPLAN-001,30,266,11.848,673.92,7093.33,7767.25,PASS,
2026-09,APT-004-044,HYD-CENTRAL,WTR-004-044,RNT-004-044,WPLAN-002,RPLAN-001,30,219,17.685,907.4,5840.0,6747.4,PASS,
2026-09,APT-004-045,HYD-CENTRAL,WTR-004-045,RNT-004-045,WPLAN-003,RPLAN-001,30,188,17.744,1151.71,5013.33,6165.04,PASS,
2026-09,APT-004-046,HYD-CENTRAL,WTR-004-046,RNT-004-046,WPLAN-001,RPLAN-002,30,249,22.589,940.62,9960.0,10900.62,PASS,
2026-09,APT-004-047,HYD-CENTRAL,WTR-004-047,RNT-004-047,WPLAN-003,RPLAN-001,30,191,20.667,1292.02,5093.33,6385.35,PASS,
2026-09,APT-004-048,HYD-CENTRAL,WTR-004-048,RNT-004-048,WPLAN-003,RPLAN-001,30,193,11.072,831.46,5146.67,5978.13,PASS,
2026-09,APT-004-049,HYD-CENTRAL,WTR-004-049,RNT-004-049,WPLAN-003,RPLAN-001,30,249,11.879,870.19,6640.0,7510.19,PASS,
2026-09,APT-004-050,HYD-CENTRAL,WTR-004-050,RNT-004-050,WPLAN-003,RPLAN-001,30,140,17.369,1133.71,3733.33,4867.04,PASS,
2026-09,APT-005-001,HYD-SOUTH,WTR-005-001,RNT-005-001,WPLAN-003,RPLAN-001,30,204,11.414,847.87,5440.0,6287.87,PASS,
2026-09,APT-005-002,HYD-SOUTH,WTR-005-002,RNT-005-002,WPLAN-002,RPLAN-003,30,162,19.466,978.64,8640.0,9618.64,PASS,
2026-09,APT-005-003,HYD-SOUTH,WTR-005-003,RNT-005-003,WPLAN-002,RPLAN-002,30,184,15.82,832.8,7360.0,8192.8,PASS,
2026-09,APT-005-004,HYD-SOUTH,WTR-005-004,RNT-005-004,WPLAN-001,RPLAN-002,30,214,16.721,735.24,8560.0,9295.24,PASS,
2026-09,APT-005-005,HYD-SOUTH,WTR-005-005,RNT-005-005,WPLAN-003,RPLAN-001,30,259,18.288,1177.82,6906.67,8084.49,PASS,
2026-09,APT-005-006,HYD-SOUTH,WTR-005-006,RNT-005-006,WPLAN-001,RPLAN-003,30,217,11.187,541.54,11573.33,12114.87,PASS,
2026-09,APT-005-007,HYD-SOUTH,WTR-005-007,RNT-005-007,WPLAN-003,RPLAN-002,30,146,18.962,1210.18,5840.0,7050.18,PASS,
2026-09,APT-005-008,HYD-SOUTH,WTR-005-008,RNT-005-008,WPLAN-002,RPLAN-001,30,242,16.32,852.8,6453.33,7306.13,PASS,
2026-09,APT-005-009,HYD-SOUTH,WTR-005-009,RNT-005-009,WPLAN-003,RPLAN-003,30,174,11.474,850.75,9280.0,10130.75,PASS,
2026-09,APT-005-010,HYD-SOUTH,WTR-005-010,RNT-005-010,WPLAN-001,RPLAN-002,30,217,20.711,874.88,8680.0,9554.88,PASS,
2026-09,APT-005-011,HYD-SOUTH,WTR-005-011,RNT-005-011,WPLAN-003,RPLAN-002,30,180,17.401,1135.25,7200.0,8335.25,PASS,
2026-09,APT-005-012,HYD-SOUTH,WTR-005-012,RNT-005-012,WPLAN-002,RPLAN-001,30,141,15.637,825.48,3760.0,4585.48,PASS,
2026-09,APT-005-013,HYD-SOUTH,WTR-005-013,RNT-005-013,WPLAN-003,RPLAN-001,30,154,16.495,1091.76,4106.67,5198.43,PASS,
2026-09,APT-005-014,HYD-SOUTH,WTR-005-014,RNT-005-014,WPLAN-001,RPLAN-002,30,160,16.209,717.32,6400.0,7117.32,PASS,
2026-09,APT-005-015,HYD-SOUTH,WTR-005-015,RNT-005-015,WPLAN-003,RPLAN-001,30,147,21.147,1315.06,3920.0,5235.06,PASS,
2026-09,APT-005-016,HYD-SOUTH,WTR-005-016,RNT-005-016,WPLAN-003,RPLAN-001,30,257,16.971,1114.61,6853.33,7967.94,PASS,
2026-09,APT-005-017,HYD-SOUTH,WTR-005-017,RNT-005-017,WPLAN-003,RPLAN-001,30,175,18.133,1170.38,4666.67,5837.05,PASS,
2026-09,APT-005-018,HYD-SOUTH,WTR-005-018,RNT-005-018,WPLAN-002,RPLAN-002,30,158,19.744,989.76,6320.0,7309.76,PASS,
2026-09,APT-005-019,HYD-SOUTH,WTR-005-019,RNT-005-019,WPLAN-001,RPLAN-002,30,168,16.532,728.62,6720.0,7448.62,PASS,
2026-09,APT-005-020,HYD-SOUTH,WTR-005-020,RNT-005-020,WPLAN-001,RPLAN-002,30,234,17.005,745.18,9360.0,10105.18,PASS,
2026-09,APT-005-021,HYD-SOUTH,WTR-005-021,RNT-005-021,WPLAN-003,RPLAN-002,30,169,11.747,863.86,6760.0,7623.86,PASS,
2026-09,APT-005-022,HYD-SOUTH,WTR-005-022,RNT-005-022,WPLAN-003,RPLAN-003,30,218,10.586,808.13,11626.67,12434.8,PASS,
2026-09,APT-005-023,HYD-SOUTH,WTR-005-023,RNT-005-023,WPLAN-002,RPLAN-003,30,164,21.909,1076.36,8746.67,9823.03,PASS,
2026-09,APT-005-024,HYD-SOUTH,WTR-005-024,RNT-005-024,WPLAN-002,RPLAN-003,30,233,16.691,867.64,12426.67,13294.31,PASS,
2026-09,APT-005-025,HYD-SOUTH,WTR-005-025,RNT-005-025,WPLAN-002,RPLAN-003,30,162,21.19,1047.6,8640.0,9687.6,PASS,
2026-09,APT-005-026,HYD-SOUTH,WTR-005-026,RNT-005-026,WPLAN-001,RPLAN-002,30,218,18.148,785.18,8720.0,9505.18,PASS,
2026-09,APT-005-027,HYD-SOUTH,WTR-005-027,RNT-005-027,WPLAN-002,RPLAN-002,30,158,17.858,914.32,6320.0,7234.32,PASS,
2026-09,APT-005-028,HYD-SOUTH,WTR-005-028,RNT-005-028,WPLAN-003,RPLAN-001,30,241,11.556,854.69,6426.67,7281.36,PASS,
2026-09,APT-005-029,HYD-SOUTH,WTR-005-029,RNT-005-029,WPLAN-003,RPLAN-003,30,180,15.967,1066.42,9600.0,10666.42,PASS,
2026-09,APT-005-030,HYD-SOUTH,WTR-005-030,RNT-005-030,WPLAN-002,RPLAN-003,30,207,19.848,993.92,11040.0,12033.92,PASS,
2026-09,APT-005-031,HYD-SOUTH,WTR-005-031,RNT-005-031,WPLAN-003,RPLAN-001,30,236,11.624,857.95,6293.33,7151.28,PASS,
2026-09,APT-005-032,HYD-SOUTH,WTR-005-032,RNT-005-032,WPLAN-003,RPLAN-001,30,169,18.112,1169.38,4506.67,5676.05,PASS,
2026-09,APT-005-033,HYD-SOUTH,WTR-005-033,RNT-005-033,WPLAN-002,RPLAN-001,30,226,21.782,1071.28,6026.67,7097.95,PASS,
2026-09,APT-005-034,HYD-SOUTH,WTR-005-034,RNT-005-034,WPLAN-001,RPLAN-002,30,178,18.759,806.56,7120.0,7926.56,PASS,
2026-09,APT-005-035,HYD-SOUTH,WTR-005-035,RNT-005-035,WPLAN-001,RPLAN-001,30,146,11.379,548.26,3893.33,4441.59,PASS,
2026-09,APT-005-036,HYD-SOUTH,WTR-005-036,RNT-005-036,WPLAN-002,RPLAN-003,30,257,18.586,943.44,13706.67,14650.11,PASS,
2026-09,APT-005-037,HYD-SOUTH,WTR-005-037,RNT-005-037,WPLAN-001,RPLAN-003,30,251,17.754,771.39,13386.67,14158.06,PASS,
2026-09,APT-005-038,HYD-SOUTH,WTR-005-038,RNT-005-038,WPLAN-002,RPLAN-002,30,265,11.601,664.04,10600.0,11264.04,PASS,
2026-09,APT-005-039,HYD-SOUTH,WTR-005-039,RNT-005-039,WPLAN-003,RPLAN-001,30,197,21.061,1310.93,5253.33,6564.26,PASS,
2026-09,APT-005-040,HYD-SOUTH,WTR-005-040,RNT-005-040,WPLAN-003,RPLAN-002,30,222,18.64,1194.72,8880.0,10074.72,PASS,
2026-09,APT-005-041,HYD-SOUTH,WTR-005-041,RNT-005-041,WPLAN-002,RPLAN-001,30,213,11.411,656.44,5680.0,6336.44,PASS,
2026-09,APT-005-042,HYD-SOUTH,WTR-005-042,RNT-005-042,WPLAN-002,RPLAN-003,30,213,16.385,855.4,11360.0,12215.4,PASS,
2026-09,APT-005-043,HYD-SOUTH,WTR-005-043,RNT-005-043,WPLAN-003,RPLAN-003,30,229,10.529,805.39,12213.33,13018.72,PASS,
2026-09,APT-005-044,HYD-SOUTH,WTR-005-044,RNT-005-044,WPLAN-003,RPLAN-001,30,171,22.503,1380.14,4560.0,5940.14,PASS,
2026-09,APT-005-045,HYD-SOUTH,WTR-005-045,RNT-005-045,WPLAN-003,RPLAN-001,30,273,16.611,1097.33,7280.0,8377.33,PASS,
2026-09,APT-005-046,HYD-SOUTH,WTR-005-046,RNT-005-046,WPLAN-002,RPLAN-002,30,216,20.83,1033.2,8640.0,9673.2,PASS,
2026-09,APT-005-047,HYD-SOUTH,WTR-005-047,RNT-005-047,WPLAN-001,RPLAN-001,30,255,18.771,806.98,6800.0,7606.98,PASS,
2026-09,APT-005-048,HYD-SOUTH,WTR-005-048,RNT-005-048,WPLAN-002,RPLAN-002,30,183,18.698,947.92,7320.0,8267.92,PASS,
2026-09,APT-005-049,HYD-SOUTH,WTR-005-049,RNT-005-049,WPLAN-003,RPLAN-001,30,184,11.891,870.77,4906.67,5777.44,PASS,
2026-09,APT-005-050,HYD-SOUTH,WTR-005-050,RNT-005-050,WPLAN-002,RPLAN-001,30,166,18.648,945.92,4426.67,5372.59,PASS,
2026-09,APT-006-001,HYD-NORTH,WTR-006-001,RNT-006-001,WPLAN-002,RPLAN-001,30,205,18.669,946.76,5466.67,6413.43,PASS,
2026-09,APT-006-002,HYD-NORTH,WTR-006-002,RNT-006-002,WPLAN-001,RPLAN-002,30,187,21.269,894.42,7480.0,8374.42,PASS,
2026-09,APT-006-003,HYD-NORTH,WTR-006-003,RNT-006-003,WPLAN-003,RPLAN-003,30,231,21.245,1319.76,12320.0,13639.76,PASS,
2026-09,APT-006-004,HYD-NORTH,WTR-006-004,RNT-006-004,WPLAN-003,RPLAN-002,30,174,19.316,1227.17,6960.0,8187.17,PASS,
2026-09,APT-006-005,HYD-NORTH,WTR-006-005,RNT-006-005,WPLAN-002,RPLAN-003,30,188,17.368,894.72,10026.67,10921.39,PASS,
2026-09,APT-006-006,HYD-NORTH,WTR-006-006,RNT-006-006,WPLAN-002,RPLAN-002,30,243,22.447,1097.88,9720.0,10817.88,PASS,
2026-09,APT-006-007,HYD-NORTH,WTR-006-007,RNT-006-007,WPLAN-003,RPLAN-002,30,187,21.234,1319.23,7480.0,8799.23,PASS,
2026-09,APT-006-008,HYD-NORTH,WTR-006-008,RNT-006-008,WPLAN-002,RPLAN-001,30,179,16.406,856.24,4773.33,5629.57,PASS,
2026-09,APT-006-009,HYD-NORTH,WTR-006-009,RNT-006-009,WPLAN-001,RPLAN-003,30,182,18.787,807.54,9706.67,10514.21,PASS,
2026-09,APT-006-010,HYD-NORTH,WTR-006-010,RNT-006-010,WPLAN-001,RPLAN-001,30,210,11.197,541.9,5600.0,6141.9,PASS,
2026-09,APT-006-011,HYD-NORTH,WTR-006-011,RNT-006-011,WPLAN-002,RPLAN-001,30,220,18.842,953.68,5866.67,6820.35,PASS,
2026-09,APT-006-012,HYD-NORTH,WTR-006-012,RNT-006-012,WPLAN-002,RPLAN-001,30,236,21.334,1053.36,6293.33,7346.69,PASS,
2026-09,APT-006-013,HYD-NORTH,WTR-006-013,RNT-006-013,WPLAN-003,RPLAN-002,30,171,17.671,1148.21,6840.0,7988.21,PASS,
2026-09,APT-006-014,HYD-NORTH,WTR-006-014,RNT-006-014,WPLAN-001,RPLAN-002,30,212,22.085,922.98,8480.0,9402.98,PASS,
2026-09,APT-006-015,HYD-NORTH,WTR-006-015,RNT-006-015,WPLAN-003,RPLAN-003,30,208,16.685,1100.88,11093.33,12194.21,PASS,
2026-09,APT-006-016,HYD-NORTH,WTR-006-016,RNT-006-016,WPLAN-002,RPLAN-003,30,206,20.678,1027.12,10986.67,12013.79,PASS,
2026-09,APT-006-017,HYD-NORTH,WTR-006-017,RNT-006-017,WPLAN-003,RPLAN-001,30,163,15.808,1058.78,4346.67,5405.45,PASS,
2026-09,APT-006-018,HYD-NORTH,WTR-006-018,RNT-006-018,WPLAN-003,RPLAN-001,30,184,11.365,845.52,4906.67,5752.19,PASS,
2026-09,APT-006-019,HYD-NORTH,WTR-006-019,RNT-006-019,WPLAN-002,RPLAN-003,30,226,18.641,945.64,12053.33,12998.97,PASS,
2026-09,APT-006-020,HYD-NORTH,WTR-006-020,RNT-006-020,WPLAN-002,RPLAN-003,30,251,16.594,863.76,13386.67,14250.43,PASS,
2026-09,APT-006-021,HYD-NORTH,WTR-006-021,RNT-006-021,WPLAN-001,RPLAN-003,30,179,20.05,851.75,9546.67,10398.42,PASS,
2026-09,APT-006-022,HYD-NORTH,WTR-006-022,RNT-006-022,WPLAN-002,RPLAN-003,30,243,16.591,863.64,12960.0,13823.64,PASS,
2026-09,APT-006-023,HYD-NORTH,WTR-006-023,RNT-006-023,WPLAN-001,RPLAN-002,30,244,11.351,547.28,9760.0,10307.28,PASS,
2026-09,APT-006-024,HYD-NORTH,WTR-006-024,RNT-006-024,WPLAN-001,RPLAN-003,30,268,16.119,714.16,14293.33,15007.49,PASS,
2026-09,APT-006-025,HYD-NORTH,WTR-006-025,RNT-006-025,WPLAN-003,RPLAN-001,30,212,11.434,848.83,5653.33,6502.16,PASS,
2026-09,APT-006-026,HYD-NORTH,WTR-006-026,RNT-006-026,WPLAN-002,RPLAN-001,30,208,22.908,1116.32,5546.67,6662.99,PASS,
2026-09,APT-006-027,HYD-NORTH,WTR-006-027,RNT-006-027,WPLAN-002,RPLAN-002,30,149,15.567,822.68,5960.0,6782.68,PASS,
2026-09,APT-006-028,HYD-NORTH,WTR-006-028,RNT-006-028,WPLAN-002,RPLAN-001,30,178,22.625,1105.0,4746.67,5851.67,PASS,
2026-09,APT-006-029,HYD-NORTH,WTR-006-029,RNT-006-029,WPLAN-002,RPLAN-001,30,199,21.425,1057.0,5306.67,6363.67,PASS,
2026-09,APT-006-030,HYD-NORTH,WTR-006-030,RNT-006-030,WPLAN-001,RPLAN-001,30,240,17.655,767.92,6400.0,7167.92,PASS,
2026-09,APT-006-031,HYD-NORTH,WTR-006-031,RNT-006-031,WPLAN-003,RPLAN-003,30,179,11.681,860.69,9546.67,10407.36,PASS,
2026-09,APT-006-032,HYD-NORTH,WTR-006-032,RNT-006-032,WPLAN-003,RPLAN-002,30,151,11.716,862.37,6040.0,6902.37,PASS,
2026-09,APT-006-033,HYD-NORTH,WTR-006-033,RNT-006-033,WPLAN-003,RPLAN-003,30,174,22.315,1371.12,9280.0,10651.12,PASS,
2026-09,APT-006-034,HYD-NORTH,WTR-006-034,RNT-006-034,WPLAN-003,RPLAN-002,30,230,16.459,1090.03,9200.0,10290.03,PASS,
2026-09,APT-006-035,HYD-NORTH,WTR-006-035,RNT-006-035,WPLAN-001,RPLAN-003,30,168,22.602,941.07,8960.0,9901.07,PASS,
2026-09,APT-006-036,HYD-NORTH,WTR-006-036,RNT-006-036,WPLAN-001,RPLAN-001,30,253,16.9,741.5,6746.67,7488.17,PASS,
2026-09,APT-006-037,HYD-NORTH,WTR-006-037,RNT-006-037,WPLAN-001,RPLAN-001,30,141,10.781,527.34,3760.0,4287.34,PASS,
2026-09,APT-006-038,HYD-NORTH,WTR-006-038,RNT-006-038,WPLAN-003,RPLAN-002,30,211,16.782,1105.54,8440.0,9545.54,PASS,
2026-09,APT-006-039,HYD-NORTH,WTR-006-039,RNT-006-039,WPLAN-003,RPLAN-002,30,166,22.599,1384.75,6640.0,8024.75,PASS,
2026-09,APT-006-040,HYD-NORTH,WTR-006-040,RNT-006-040,WPLAN-003,RPLAN-003,30,186,19.952,1257.7,9920.0,11177.7,PASS,
2026-09,APT-006-041,HYD-NORTH,WTR-006-041,RNT-006-041,WPLAN-001,RPLAN-002,30,166,21.282,894.87,6640.0,7534.87,PASS,
2026-09,APT-006-042,HYD-NORTH,WTR-006-042,RNT-006-042,WPLAN-003,RPLAN-002,30,186,21.116,1313.57,7440.0,8753.57,PASS,
2026-09,APT-006-043,HYD-NORTH,WTR-006-043,RNT-006-043,WPLAN-002,RPLAN-003,30,162,21.859,1074.36,8640.0,9714.36,PASS,
2026-09,APT-006-044,HYD-NORTH,WTR-006-044,RNT-006-044,WPLAN-002,RPLAN-003,30,156,16.238,849.52,8320.0,9169.52,PASS,
2026-09,APT-006-045,HYD-NORTH,WTR-006-045,RNT-006-045,WPLAN-003,RPLAN-001,30,171,21.09,1312.32,4560.0,5872.32,PASS,
2026-09,APT-006-046,HYD-NORTH,WTR-006-046,RNT-006-046,WPLAN-001,RPLAN-002,30,205,17.112,748.92,8200.0,8948.92,PASS,
2026-09,APT-006-047,HYD-NORTH,WTR-006-047,RNT-006-047,WPLAN-001,RPLAN-002,30,163,15.875,705.62,6520.0,7225.62,PASS,
2026-09,APT-006-048,HYD-NORTH,WTR-006-048,RNT-006-048,WPLAN-003,RPLAN-001,30,164,19.241,1223.57,4373.33,5596.9,PASS,
2026-09,APT-006-049,HYD-NORTH,WTR-006-049,RNT-006-049,WPLAN-003,RPLAN-001,30,163,22.562,1382.98,4346.67,5729.65,PASS,
2026-09,APT-006-050,HYD-NORTH,WTR-006-050,RNT-006-050,WPLAN-001,RPLAN-001,30,180,17.631,767.08,4800.0,5567.08,PASS,
2026-09,APT-007-001,HYD-EAST,WTR-007-001,RNT-007-001,WPLAN-003,RPLAN-002,30,234,21.923,1352.3,9360.0,10712.3,PASS,
2026-09,APT-007-002,HYD-EAST,WTR-007-002,RNT-007-002,WPLAN-001,RPLAN-003,30,250,18.421,794.74,13333.33,14128.07,PASS,
2026-09,APT-007-003,HYD-EAST,WTR-007-003,RNT-007-003,WPLAN-002,RPLAN-002,30,239,18.395,935.8,9560.0,10495.8,PASS,
2026-09,APT-007-004,HYD-EAST,WTR-007-004,RNT-007-004,WPLAN-001,RPLAN-003,30,227,17.739,770.86,12106.67,12877.53,PASS,
2026-09,APT-007-005,HYD-EAST,WTR-007-005,RNT-007-005,WPLAN-003,RPLAN-002,30,156,11.435,848.88,6240.0,7088.88,PASS,
2026-09,APT-007-006,HYD-EAST,WTR-007-006,RNT-007-006,WPLAN-003,RPLAN-002,30,247,16.857,1109.14,9880.0,10989.14,PASS,
2026-09,APT-007-007,HYD-EAST,WTR-007-007,RNT-007-007,WPLAN-002,RPLAN-002,30,234,21.589,1063.56,9360.0,10423.56,PASS,
2026-09,APT-007-008,HYD-EAST,WTR-007-008,RNT-007-008,WPLAN-001,RPLAN-003,30,174,16.434,725.19,9280.0,10005.19,PASS,
2026-09,APT-007-009,HYD-EAST,WTR-007-009,RNT-007-009,WPLAN-001,RPLAN-002,30,181,15.131,679.58,7240.0,7919.58,PASS,
2026-09,APT-007-010,HYD-EAST,WTR-007-010,RNT-007-010,WPLAN-003,RPLAN-003,30,257,21.779,1345.39,13706.67,15052.06,PASS,
2026-09,APT-007-011,HYD-EAST,WTR-007-011,RNT-007-011,WPLAN-002,RPLAN-003,30,219,18.837,953.48,11680.0,12633.48,PASS,
2026-09,APT-007-012,HYD-EAST,WTR-007-012,RNT-007-012,WPLAN-002,RPLAN-002,30,200,22.83,1113.2,8000.0,9113.2,PASS,
2026-09,APT-007-013,HYD-EAST,WTR-007-013,RNT-007-013,WPLAN-002,RPLAN-002,30,219,11.202,648.08,8760.0,9408.08,PASS,
2026-09,APT-007-014,HYD-EAST,WTR-007-014,RNT-007-014,WPLAN-003,RPLAN-001,30,246,21.569,1335.31,6560.0,7895.31,PASS,
2026-09,APT-007-015,HYD-EAST,WTR-007-015,RNT-007-015,WPLAN-003,RPLAN-001,30,218,11.552,854.5,5813.33,6667.83,PASS,
2026-09,APT-007-016,HYD-EAST,WTR-007-016,RNT-007-016,WPLAN-003,RPLAN-002,30,164,21.017,1308.82,6560.0,7868.82,PASS,
2026-09,APT-007-017,HYD-EAST,WTR-007-017,RNT-007-017,WPLAN-003,RPLAN-003,30,203,12.402,895.3,10826.67,11721.97,PASS,
2026-09,APT-007-018,HYD-EAST,WTR-007-018,RNT-007-018,WPLAN-003,RPLAN-002,30,141,18.099,1168.75,5640.0,6808.75,PASS,
2026-09,APT-007-019,HYD-EAST,WTR-007-019,RNT-007-019,WPLAN-001,RPLAN-003,30,233,20.633,872.16,12426.67,13298.83,PASS,
2026-09,APT-007-020,HYD-EAST,WTR-007-020,RNT-007-020,WPLAN-002,RPLAN-001,30,159,22.398,1095.92,4240.0,5335.92,PASS,
2026-09,APT-007-021,HYD-EAST,WTR-007-021,RNT-007-021,WPLAN-002,RPLAN-001,30,190,16.202,848.08,5066.67,5914.75,PASS,
2026-09,APT-007-022,HYD-EAST,WTR-007-022,RNT-007-022,WPLAN-002,RPLAN-002,30,201,16.97,878.8,8040.0,8918.8,PASS,
2026-09,APT-007-023,HYD-EAST,WTR-007-023,RNT-007-023,WPLAN-002,RPLAN-002,30,229,22.417,1096.68,9160.0,10256.68,PASS,
2026-09,APT-007-024,HYD-EAST,WTR-007-024,RNT-007-024,WPLAN-002,RPLAN-003,30,200,10.732,629.28,10666.67,11295.95,PASS,
2026-09,APT-007-025,HYD-EAST,WTR-007-025,RNT-007-025,WPLAN-003,RPLAN-001,30,213,19.565,1239.12,5680.0,6919.12,PASS,
2026-09,APT-007-026,HYD-EAST,WTR-007-026,RNT-007-026,WPLAN-003,RPLAN-002,30,178,21.387,1326.58,7120.0,8446.58,PASS,
2026-09,APT-007-027,HYD-EAST,WTR-007-027,RNT-007-027,WPLAN-002,RPLAN-003,30,178,17.597,903.88,9493.33,10397.21,PASS,
2026-09,APT-007-028,HYD-EAST,WTR-007-028,RNT-007-028,WPLAN-001,RPLAN-001,30,159,21.731,910.58,4240.0,5150.58,PASS,
2026-09,APT-007-029,HYD-EAST,WTR-007-029,RNT-007-029,WPLAN-001,RPLAN-003,30,155,16.873,740.56,8266.67,9007.23,PASS,
2026-09,APT-007-030,HYD-EAST,WTR-007-030,RNT-007-030,WPLAN-002,RPLAN-001,30,181,11.57,662.8,4826.67,5489.47,PASS,
2026-09,APT-007-031,HYD-EAST,WTR-007-031,RNT-007-031,WPLAN-001,RPLAN-001,30,147,20.307,860.74,3920.0,4780.74,PASS,
2026-09,APT-007-032,HYD-EAST,WTR-007-032,RNT-007-032,WPLAN-002,RPLAN-002,30,192,10.641,625.64,7680.0,8305.64,PASS,
2026-09,APT-007-033,HYD-EAST,WTR-007-033,RNT-007-033,WPLAN-001,RPLAN-002,30,249,22.839,949.36,9960.0,10909.36,PASS,
2026-09,APT-007-034,HYD-EAST,WTR-007-034,RNT-007-034,WPLAN-001,RPLAN-003,30,241,21.042,886.47,12853.33,13739.8,PASS,
2026-09,APT-007-035,HYD-EAST,WTR-007-035,RNT-007-035,WPLAN-001,RPLAN-003,30,238,12.338,581.83,12693.33,13275.16,PASS,
2026-09,APT-007-036,HYD-EAST,WTR-007-036,RNT-007-036,WPLAN-002,RPLAN-001,30,233,22.346,1093.84,6213.33,7307.17,PASS,
2026-09,APT-007-037,HYD-EAST,WTR-007-037,RNT-007-037,WPLAN-002,RPLAN-001,30,231,16.227,849.08,6160.0,7009.08,PASS,
2026-09,APT-007-038,HYD-EAST,WTR-007-038,RNT-007-038,WPLAN-003,RPLAN-002,30,200,19.651,1243.25,8000.0,9243.25,PASS,
2026-09,APT-007-039,HYD-EAST,WTR-007-039,RNT-007-039,WPLAN-002,RPLAN-001,30,221,20.38,1015.2,5893.33,6908.53,PASS,
2026-09,APT-007-040,HYD-EAST,WTR-007-040,RNT-007-040,WPLAN-002,RPLAN-003,30,235,19.99,999.6,12533.33,13532.93,PASS,
2026-09,APT-007-041,HYD-EAST,WTR-007-041,RNT-007-041,WPLAN-003,RPLAN-001,30,233,11.651,859.25,6213.33,7072.58,PASS,
2026-09,APT-007-042,HYD-EAST,WTR-007-042,RNT-007-042,WPLAN-001,RPLAN-002,30,201,11.482,551.87,8040.0,8591.87,PASS,
2026-09,APT-007-043,HYD-EAST,WTR-007-043,RNT-007-043,WPLAN-003,RPLAN-002,30,166,11.903,871.34,6640.0,7511.34,PASS,
2026-09,APT-007-044,HYD-EAST,WTR-007-044,RNT-007-044,WPLAN-003,RPLAN-003,30,218,16.644,1098.91,11626.67,12725.58,PASS,
2026-09,APT-007-045,HYD-EAST,WTR-007-045,RNT-007-045,WPLAN-001,RPLAN-002,30,188,12.01,570.35,7520.0,8090.35,PASS,
2026-09,APT-007-046,HYD-EAST,WTR-007-046,RNT-007-046,WPLAN-003,RPLAN-001,30,166,12.348,892.7,4426.67,5319.37,PASS,
2026-09,APT-007-047,HYD-EAST,WTR-007-047,RNT-007-047,WPLAN-003,RPLAN-001,30,173,10.97,826.56,4613.33,5439.89,PASS,
2026-09,APT-007-048,HYD-EAST,WTR-007-048,RNT-007-048,WPLAN-001,RPLAN-001,30,231,16.251,718.79,6160.0,6878.79,PASS,
2026-09,APT-007-049,HYD-EAST,WTR-007-049,RNT-007-049,WPLAN-002,RPLAN-001,30,162,11.991,679.64,4320.0,4999.64,PASS,
2026-09,APT-007-050,HYD-EAST,WTR-007-050,RNT-007-050,WPLAN-001,RPLAN-003,30,193,15.295,685.32,10293.33,10978.65,PASS,
2026-09,APT-008-001,HYD-WEST,WTR-008-001,RNT-008-001,WPLAN-001,RPLAN-003,30,239,16.464,726.24,12746.67,13472.91,PASS,
2026-09,APT-008-002,HYD-WEST,WTR-008-002,RNT-008-002,WPLAN-003,RPLAN-002,30,198,10.05,782.4,7920.0,8702.4,PASS,
2026-09,APT-008-003,HYD-WEST,WTR-008-003,RNT-008-003,WPLAN-001,RPLAN-001,30,197,17.899,776.46,5253.33,6029.79,PASS,
2026-09,APT-008-004,HYD-WEST,WTR-008-004,RNT-008-004,WPLAN-003,RPLAN-002,30,204,19.1,1216.8,8160.0,9376.8,PASS,
2026-09,APT-008-005,HYD-WEST,WTR-008-005,RNT-008-005,WPLAN-001,RPLAN-002,30,170,19.12,819.2,6800.0,7619.2,PASS,
2026-09,APT-008-006,HYD-WEST,WTR-008-006,RNT-008-006,WPLAN-003,RPLAN-001,30,242,10.969,826.51,6453.33,7279.84,PASS,
2026-09,APT-008-007,HYD-WEST,WTR-008-007,RNT-008-007,WPLAN-002,RPLAN-001,30,165,16.967,878.68,4400.0,5278.68,PASS,
2026-09,APT-008-008,HYD-WEST,WTR-008-008,RNT-008-008,WPLAN-001,RPLAN-002,30,223,11.09,538.15,8920.0,9458.15,PASS,
2026-09,APT-008-009,HYD-WEST,WTR-008-009,RNT-008-009,WPLAN-001,RPLAN-003,30,186,11.803,563.1,9920.0,10483.1,PASS,
2026-09,APT-008-010,HYD-WEST,WTR-008-010,RNT-008-010,WPLAN-001,RPLAN-001,30,155,18.948,813.18,4133.33,4946.51,PASS,
2026-09,APT-008-011,HYD-WEST,WTR-008-011,RNT-008-011,WPLAN-002,RPLAN-002,30,192,22.245,1089.8,7680.0,8769.8,PASS,
2026-09,APT-008-012,HYD-WEST,WTR-008-012,RNT-008-012,WPLAN-002,RPLAN-001,30,222,15.997,839.88,5920.0,6759.88,PASS,
2026-09,APT-008-013,HYD-WEST,WTR-008-013,RNT-008-013,WPLAN-002,RPLAN-001,30,259,15.449,817.96,6906.67,7724.63,PASS,
2026-09,APT-008-014,HYD-WEST,WTR-008-014,RNT-008-014,WPLAN-003,RPLAN-003,30,256,20.135,1266.48,13653.33,14919.81,PASS,
2026-09,APT-008-015,HYD-WEST,WTR-008-015,RNT-008-015,WPLAN-001,RPLAN-001,30,164,12.094,573.29,4373.33,4946.62,PASS,
2026-09,APT-008-016,HYD-WEST,WTR-008-016,RNT-008-016,WPLAN-003,RPLAN-003,30,166,11.02,828.96,8853.33,9682.29,PASS,
2026-09,APT-008-017,HYD-WEST,WTR-008-017,RNT-008-017,WPLAN-001,RPLAN-003,30,219,21.328,896.48,11680.0,12576.48,PASS,
2026-09,APT-008-018,HYD-WEST,WTR-008-018,RNT-008-018,WPLAN-003,RPLAN-001,30,176,18.019,1164.91,4693.33,5858.24,PASS,
2026-09,APT-008-019,HYD-WEST,WTR-008-019,RNT-008-019,WPLAN-002,RPLAN-002,30,252,17.324,892.96,10080.0,10972.96,PASS,
2026-09,APT-008-020,HYD-WEST,WTR-008-020,RNT-008-020,WPLAN-003,RPLAN-001,30,271,22.615,1385.52,7226.67,8612.19,PASS,
2026-09,APT-008-021,HYD-WEST,WTR-008-021,RNT-008-021,WPLAN-003,RPLAN-003,30,162,20.014,1260.67,8640.0,9900.67,PASS,
2026-09,APT-008-022,HYD-WEST,WTR-008-022,RNT-008-022,WPLAN-001,RPLAN-002,30,245,20.633,872.16,9800.0,10672.16,PASS,
2026-09,APT-008-023,HYD-WEST,WTR-008-023,RNT-008-023,WPLAN-003,RPLAN-003,30,217,22.238,1367.42,11573.33,12940.75,PASS,
2026-09,APT-008-024,HYD-WEST,WTR-008-024,RNT-008-024,WPLAN-002,RPLAN-001,30,173,16.791,871.64,4613.33,5484.97,PASS,
2026-09,APT-008-025,HYD-WEST,WTR-008-025,RNT-008-025,WPLAN-001,RPLAN-001,30,210,16.074,712.59,5600.0,6312.59,PASS,
2026-09,APT-008-026,HYD-WEST,WTR-008-026,RNT-008-026,WPLAN-001,RPLAN-001,30,174,18.39,793.65,4640.0,5433.65,PASS,
2026-09,APT-008-027,HYD-WEST,WTR-008-027,RNT-008-027,WPLAN-003,RPLAN-003,30,186,21.897,1351.06,9920.0,11271.06,PASS,
2026-09,APT-008-028,HYD-WEST,WTR-008-028,RNT-008-028,WPLAN-002,RPLAN-002,30,205,22.089,1083.56,8200.0,9283.56,PASS,
2026-09,APT-008-029,HYD-WEST,WTR-008-029,RNT-008-029,WPLAN-002,RPLAN-002,30,153,17.275,891.0,6120.0,7011.0,PASS,
2026-09,APT-008-030,HYD-WEST,WTR-008-030,RNT-008-030,WPLAN-001,RPLAN-001,30,221,16.806,738.21,5893.33,6631.54,PASS,
2026-09,APT-008-031,HYD-WEST,WTR-008-031,RNT-008-031,WPLAN-002,RPLAN-003,30,158,11.121,644.84,8426.67,9071.51,PASS,
2026-09,APT-008-032,HYD-WEST,WTR-008-032,RNT-008-032,WPLAN-001,RPLAN-001,30,226,22.345,932.08,6026.67,6958.75,PASS,
2026-09,APT-008-033,HYD-WEST,WTR-008-033,RNT-008-033,WPLAN-003,RPLAN-003,30,233,20.831,1299.89,12426.67,13726.56,PASS,
2026-09,APT-008-034,HYD-WEST,WTR-008-034,RNT-008-034,WPLAN-003,RPLAN-003,30,199,21.689,1341.07,10613.33,11954.4,PASS,
2026-09,APT-008-035,HYD-WEST,WTR-008-035,RNT-008-035,WPLAN-003,RPLAN-002,30,222,10.707,813.94,8880.0,9693.94,PASS,
2026-09,APT-008-036,HYD-WEST,WTR-008-036,RNT-008-036,WPLAN-003,RPLAN-001,30,204,17.661,1147.73,5440.0,6587.73,MANUAL_REVIEW,MISSING_USAGE
2026-09,APT-008-037,HYD-WEST,WTR-008-037,RNT-008-037,WPLAN-003,RPLAN-002,30,242,20.561,1286.93,9680.0,10966.93,PASS,
2026-09,APT-008-038,HYD-WEST,WTR-008-038,RNT-008-038,WPLAN-001,RPLAN-003,30,239,19.751,841.29,12746.67,13587.96,PASS,
2026-09,APT-008-039,HYD-WEST,WTR-008-039,RNT-008-039,WPLAN-003,RPLAN-003,30,164,19.507,1236.34,8746.67,9983.01,PASS,
2026-09,APT-008-040,HYD-WEST,WTR-008-040,RNT-008-040,WPLAN-001,RPLAN-003,30,229,18.12,784.2,12213.33,12997.53,PASS,
2026-09,APT-008-041,HYD-WEST,WTR-008-041,RNT-008-041,WPLAN-002,RPLAN-002,30,151,17.589,903.56,6040.0,6943.56,PASS,
2026-09,APT-008-042,HYD-WEST,WTR-008-042,RNT-008-042,WPLAN-003,RPLAN-001,30,199,11.481,851.09,5306.67,6157.76,PASS,
2026-09,APT-008-043,HYD-WEST,WTR-008-043,RNT-008-043,WPLAN-001,RPLAN-002,30,207,17.045,746.58,8280.0,9026.58,PASS,
2026-09,APT-008-044,HYD-WEST,WTR-008-044,RNT-008-044,WPLAN-002,RPLAN-001,30,250,16.44,857.6,6666.67,7524.27,PASS,
2026-09,APT-008-045,HYD-WEST,WTR-008-045,RNT-008-045,WPLAN-001,RPLAN-002,30,166,21.438,900.33,6640.0,7540.33,PASS,
2026-09,APT-008-046,HYD-WEST,WTR-008-046,RNT-008-046,WPLAN-003,RPLAN-003,30,202,15.854,1060.99,10773.33,11834.32,PASS,
2026-09,APT-008-047,HYD-WEST,WTR-008-047,RNT-008-047,WPLAN-001,RPLAN-003,30,184,22.118,924.13,9813.33,10737.46,PASS,
2026-09,APT-008-048,HYD-WEST,WTR-008-048,RNT-008-048,WPLAN-001,RPLAN-002,30,190,21.595,905.82,7600.0,8505.82,PASS,
2026-09,APT-008-049,HYD-WEST,WTR-008-049,RNT-008-049,WPLAN-002,RPLAN-001,30,211,11.239,649.56,5626.67,6276.23,PASS,
2026-09,APT-008-050,HYD-WEST,WTR-008-050,RNT-008-050,WPLAN-002,RPLAN-003,30,247,18.301,932.04,13173.33,14105.37,PASS,
2026-09,APT-009-001,HYD-CENTRAL,WTR-009-001,RNT-009-001,WPLAN-002,RPLAN-002,30,244,21.692,1067.68,9760.0,10827.68,PASS,
2026-09,APT-009-002,HYD-CENTRAL,WTR-009-002,RNT-009-002,WPLAN-003,RPLAN-003,30,182,15.615,1049.52,9706.67,10756.19,PASS,
2026-09,APT-009-003,HYD-CENTRAL,WTR-009-003,RNT-009-003,WPLAN-001,RPLAN-002,30,220,17.959,778.56,8800.0,9578.56,PASS,
2026-09,APT-009-004,HYD-CENTRAL,WTR-009-004,RNT-009-004,WPLAN-001,RPLAN-001,30,209,17.854,774.89,5573.33,6348.22,PASS,
2026-09,APT-009-005,HYD-CENTRAL,WTR-009-005,RNT-009-005,WPLAN-003,RPLAN-001,30,211,19.013,1212.62,5626.67,6839.29,PASS,
2026-09,APT-009-006,HYD-CENTRAL,WTR-009-006,RNT-009-006,WPLAN-001,RPLAN-002,30,218,20.973,884.06,8720.0,9604.06,PASS,
2026-09,APT-009-007,HYD-CENTRAL,WTR-009-007,RNT-009-007,WPLAN-001,RPLAN-001,30,231,18.592,800.72,6160.0,6960.72,PASS,
2026-09,APT-009-008,HYD-CENTRAL,WTR-009-008,RNT-009-008,WPLAN-001,RPLAN-002,30,241,15.668,698.38,9640.0,10338.38,PASS,
2026-09,APT-009-009,HYD-CENTRAL,WTR-009-009,RNT-009-009,WPLAN-003,RPLAN-002,30,249,16.779,1105.39,9960.0,11065.39,PASS,
2026-09,APT-009-010,HYD-CENTRAL,WTR-009-010,RNT-009-010,WPLAN-003,RPLAN-003,30,228,11.653,859.34,12160.0,13019.34,PASS,
2026-09,APT-009-011,HYD-CENTRAL,WTR-009-011,RNT-009-011,WPLAN-003,RPLAN-002,30,165,16.058,1070.78,6600.0,7670.78,PASS,
2026-09,APT-009-012,HYD-CENTRAL,WTR-009-012,RNT-009-012,WPLAN-002,RPLAN-003,30,247,16.989,879.56,13173.33,14052.89,PASS,
2026-09,APT-009-013,HYD-CENTRAL,WTR-009-013,RNT-009-013,WPLAN-002,RPLAN-001,30,174,22.427,1097.08,4640.0,5737.08,PASS,
2026-09,APT-009-014,HYD-CENTRAL,WTR-009-014,RNT-009-014,WPLAN-003,RPLAN-003,30,228,19.289,1225.87,12160.0,13385.87,PASS,
2026-09,APT-009-015,HYD-CENTRAL,WTR-009-015,RNT-009-015,WPLAN-003,RPLAN-003,30,253,16.46,1090.08,13493.33,14583.41,PASS,
2026-09,APT-009-016,HYD-CENTRAL,WTR-009-016,RNT-009-016,WPLAN-001,RPLAN-002,30,222,17.047,746.64,8880.0,9626.64,PASS,
2026-09,APT-009-017,HYD-CENTRAL,WTR-009-017,RNT-009-017,WPLAN-001,RPLAN-002,30,218,16.697,734.4,8720.0,9454.4,PASS,
2026-09,APT-009-018,HYD-CENTRAL,WTR-009-018,RNT-009-018,WPLAN-001,RPLAN-003,30,227,11.399,548.96,12106.67,12655.63,PASS,
2026-09,APT-009-019,HYD-CENTRAL,WTR-009-019,RNT-009-019,WPLAN-001,RPLAN-001,30,176,16.168,715.88,4693.33,5409.21,PASS,
2026-09,APT-009-020,HYD-CENTRAL,WTR-009-020,RNT-009-020,WPLAN-003,RPLAN-002,30,224,11.096,832.61,8960.0,9792.61,PASS,
2026-09,APT-009-021,HYD-CENTRAL,WTR-009-021,RNT-009-021,WPLAN-002,RPLAN-003,30,255,18.404,936.16,13600.0,14536.16,PASS,
2026-09,APT-009-022,HYD-CENTRAL,WTR-009-022,RNT-009-022,WPLAN-003,RPLAN-003,30,181,16.511,1092.53,9653.33,10745.86,PASS,
2026-09,APT-009-023,HYD-CENTRAL,WTR-009-023,RNT-009-023,WPLAN-003,RPLAN-003,30,181,20.144,1266.91,9653.33,10920.24,PASS,
2026-09,APT-009-024,HYD-CENTRAL,WTR-009-024,RNT-009-024,WPLAN-001,RPLAN-002,30,253,11.514,552.99,10120.0,10672.99,PASS,
2026-09,APT-009-025,HYD-CENTRAL,WTR-009-025,RNT-009-025,WPLAN-003,RPLAN-002,30,196,18.896,1207.01,7840.0,9047.01,PASS,
2026-09,APT-009-026,HYD-CENTRAL,WTR-009-026,RNT-009-026,WPLAN-003,RPLAN-001,30,200,22.07,1359.36,5333.33,6692.69,PASS,
2026-09,APT-009-027,HYD-CENTRAL,WTR-009-027,RNT-009-027,WPLAN-001,RPLAN-001,30,211,17.993,779.76,5626.67,6406.43,PASS,
2026-09,APT-009-028,HYD-CENTRAL,WTR-009-028,RNT-009-028,WPLAN-001,RPLAN-002,30,236,10.837,529.3,9440.0,9969.3,PASS,
2026-09,APT-009-029,HYD-CENTRAL,WTR-009-029,RNT-009-029,WPLAN-001,RPLAN-002,30,239,20.37,862.95,9560.0,10422.95,PASS,
2026-09,APT-009-030,HYD-CENTRAL,WTR-009-030,RNT-009-030,WPLAN-003,RPLAN-003,30,258,11.726,862.85,13760.0,14622.85,PASS,
2026-09,APT-009-031,HYD-CENTRAL,WTR-009-031,RNT-009-031,WPLAN-001,RPLAN-002,30,218,23.248,963.68,8720.0,9683.68,PASS,
2026-09,APT-009-032,HYD-CENTRAL,WTR-009-032,RNT-009-032,WPLAN-003,RPLAN-003,30,250,10.862,821.38,13333.33,14154.71,PASS,
2026-09,APT-009-033,HYD-CENTRAL,WTR-009-033,RNT-009-033,WPLAN-003,RPLAN-003,30,239,16.559,1094.83,12746.67,13841.5,PASS,
2026-09,APT-009-034,HYD-CENTRAL,WTR-009-034,RNT-009-034,WPLAN-001,RPLAN-001,30,169,18.191,786.68,4506.67,5293.35,PASS,
2026-09,APT-009-035,HYD-CENTRAL,WTR-009-035,RNT-009-035,WPLAN-001,RPLAN-003,30,250,15.477,691.7,13333.33,14025.03,PASS,
2026-09,APT-009-036,HYD-CENTRAL,WTR-009-036,RNT-009-036,WPLAN-001,RPLAN-003,30,244,21.428,899.98,13013.33,13913.31,PASS,
2026-09,APT-009-037,HYD-CENTRAL,WTR-009-037,RNT-009-037,WPLAN-001,RPLAN-001,30,196,16.393,723.76,5226.67,5950.43,PASS,
2026-09,APT-009-038,HYD-CENTRAL,WTR-009-038,RNT-009-038,WPLAN-002,RPLAN-002,30,174,22.527,1101.08,6960.0,8061.08,PASS,
2026-09,APT-009-039,HYD-CENTRAL,WTR-009-039,RNT-009-039,WPLAN-003,RPLAN-003,30,214,22.013,1356.62,11413.33,12769.95,PASS,
2026-09,APT-009-040,HYD-CENTRAL,WTR-009-040,RNT-009-040,WPLAN-003,RPLAN-002,30,224,21.055,1310.64,8960.0,10270.64,PASS,
2026-09,APT-009-041,HYD-CENTRAL,WTR-009-041,RNT-009-041,WPLAN-001,RPLAN-002,30,233,11.547,554.14,9320.0,9874.14,PASS,
2026-09,APT-009-042,HYD-CENTRAL,WTR-009-042,RNT-009-042,WPLAN-001,RPLAN-003,30,194,12.126,574.41,10346.67,10921.08,PASS,
2026-09,APT-009-043,HYD-CENTRAL,WTR-009-043,RNT-009-043,WPLAN-002,RPLAN-003,30,171,16.998,879.92,9120.0,9999.92,PASS,
2026-09,APT-009-044,HYD-CENTRAL,WTR-009-044,RNT-009-044,WPLAN-001,RPLAN-001,30,182,16.985,744.48,4853.33,5597.81,PASS,
2026-09,APT-009-045,HYD-CENTRAL,WTR-009-045,RNT-009-045,WPLAN-002,RPLAN-002,30,228,11.147,645.88,9120.0,9765.88,PASS,
2026-09,APT-009-046,HYD-CENTRAL,WTR-009-046,RNT-009-046,WPLAN-002,RPLAN-003,30,249,15.51,820.4,13280.0,14100.4,PASS,
2026-09,APT-009-047,HYD-CENTRAL,WTR-009-047,RNT-009-047,WPLAN-001,RPLAN-002,30,248,11.632,557.12,9920.0,10477.12,PASS,
2026-09,APT-009-048,HYD-CENTRAL,WTR-009-048,RNT-009-048,WPLAN-003,RPLAN-003,30,249,11.728,862.94,13280.0,14142.94,PASS,
2026-09,APT-009-049,HYD-CENTRAL,WTR-009-049,RNT-009-049,WPLAN-003,RPLAN-001,30,221,21.939,1353.07,5893.33,7246.4,PASS,
2026-09,APT-009-050,HYD-CENTRAL,WTR-009-050,RNT-009-050,WPLAN-002,RPLAN-002,30,171,20.676,1027.04,6840.0,7867.04,PASS,
2026-09,APT-010-001,HYD-SOUTH,WTR-010-001,RNT-010-001,WPLAN-003,RPLAN-002,30,224,11.553,854.54,8960.0,9814.54,PASS,
2026-09,APT-010-002,HYD-SOUTH,WTR-010-002,RNT-010-002,WPLAN-001,RPLAN-002,30,230,19.746,841.11,9200.0,10041.11,PASS,
2026-09,APT-010-003,HYD-SOUTH,WTR-010-003,RNT-010-003,WPLAN-003,RPLAN-001,30,175,17.854,1156.99,4666.67,5823.66,PASS,
2026-09,APT-010-004,HYD-SOUTH,WTR-010-004,RNT-010-004,WPLAN-002,RPLAN-001,30,183,22.031,1081.24,4880.0,5961.24,PASS,
2026-09,APT-010-005,HYD-SOUTH,WTR-010-005,RNT-010-005,WPLAN-002,RPLAN-001,30,264,16.812,872.48,7040.0,7912.48,PASS,
2026-09,APT-010-006,HYD-SOUTH,WTR-010-006,RNT-010-006,WPLAN-003,RPLAN-003,30,153,18.251,1176.05,8160.0,9336.05,PASS,
2026-09,APT-010-007,HYD-SOUTH,WTR-010-007,RNT-010-007,WPLAN-003,RPLAN-001,30,159,17.849,1156.75,4240.0,5396.75,PASS,
2026-09,APT-010-008,HYD-SOUTH,WTR-010-008,RNT-010-008,WPLAN-001,RPLAN-003,30,212,11.511,552.88,11306.67,11859.55,PASS,
2026-09,APT-010-009,HYD-SOUTH,WTR-010-009,RNT-010-009,WPLAN-003,RPLAN-001,30,192,15.939,1065.07,5120.0,6185.07,PASS,
2026-09,APT-010-010,HYD-SOUTH,WTR-010-010,RNT-010-010,WPLAN-001,RPLAN-001,30,185,16.978,744.23,4933.33,5677.56,PASS,
2026-09,APT-010-011,HYD-SOUTH,WTR-010-011,RNT-010-011,WPLAN-001,RPLAN-001,30,148,17.385,758.48,3946.67,4705.15,PASS,
2026-09,APT-010-012,HYD-SOUTH,WTR-010-012,RNT-010-012,WPLAN-002,RPLAN-002,30,158,16.787,871.48,6320.0,7191.48,PASS,
2026-09,APT-010-013,HYD-SOUTH,WTR-010-013,RNT-010-013,WPLAN-002,RPLAN-001,30,260,11.825,673.0,6933.33,7606.33,PASS,
2026-09,APT-010-014,HYD-SOUTH,WTR-010-014,RNT-010-014,WPLAN-001,RPLAN-001,30,239,19.383,828.4,6373.33,7201.73,PASS,
2026-09,APT-010-015,HYD-SOUTH,WTR-010-015,RNT-010-015,WPLAN-003,RPLAN-003,30,196,18.305,1178.64,10453.33,11631.97,PASS,
2026-09,APT-010-016,HYD-SOUTH,WTR-010-016,RNT-010-016,WPLAN-003,RPLAN-003,30,204,11.579,855.79,10880.0,11735.79,PASS,
2026-09,APT-010-017,HYD-SOUTH,WTR-010-017,RNT-010-017,WPLAN-002,RPLAN-001,30,213,17.933,917.32,5680.0,6597.32,PASS,
2026-09,APT-010-018,HYD-SOUTH,WTR-010-018,RNT-010-018,WPLAN-002,RPLAN-001,30,174,21.246,1049.84,4640.0,5689.84,PASS,
2026-09,APT-010-019,HYD-SOUTH,WTR-010-019,RNT-010-019,WPLAN-002,RPLAN-003,30,140,18.56,942.4,7466.67,8409.07,PASS,
2026-09,APT-010-020,HYD-SOUTH,WTR-010-020,RNT-010-020,WPLAN-002,RPLAN-002,30,197,20.175,1007.0,7880.0,8887.0,PASS,
2026-09,APT-010-021,HYD-SOUTH,WTR-010-021,RNT-010-021,WPLAN-001,RPLAN-003,30,210,10.605,521.17,11200.0,11721.17,PASS,
2026-09,APT-010-022,HYD-SOUTH,WTR-010-022,RNT-010-022,WPLAN-002,RPLAN-001,30,193,12.191,687.64,5146.67,5834.31,PASS,
2026-09,APT-010-023,HYD-SOUTH,WTR-010-023,RNT-010-023,WPLAN-003,RPLAN-003,30,147,21.631,1338.29,7840.0,9178.29,PASS,
2026-09,APT-010-024,HYD-SOUTH,WTR-010-024,RNT-010-024,WPLAN-001,RPLAN-001,30,167,17.775,772.12,4453.33,5225.45,PASS,
2026-09,APT-010-025,HYD-SOUTH,WTR-010-025,RNT-010-025,WPLAN-001,RPLAN-003,30,190,17.912,776.92,10133.33,10910.25,PASS,
2026-09,APT-010-026,HYD-SOUTH,WTR-010-026,RNT-010-026,WPLAN-001,RPLAN-002,30,256,10.584,520.44,10240.0,10760.44,MANUAL_REVIEW,MISSING_USAGE
2026-09,APT-010-027,HYD-SOUTH,WTR-010-027,RNT-010-027,WPLAN-001,RPLAN-002,30,238,11.855,564.92,9520.0,10084.92,PASS,
2026-09,APT-010-028,HYD-SOUTH,WTR-010-028,RNT-010-028,WPLAN-002,RPLAN-002,30,164,19.322,972.88,6560.0,7532.88,PASS,
2026-09,APT-010-029,HYD-SOUTH,WTR-010-029,RNT-010-029,WPLAN-002,RPLAN-001,30,198,11.314,652.56,5280.0,5932.56,PASS,
2026-09,APT-010-030,HYD-SOUTH,WTR-010-030,RNT-010-030,WPLAN-003,RPLAN-002,30,161,17.688,1149.02,6440.0,7589.02,PASS,
2026-09,APT-010-031,HYD-SOUTH,WTR-010-031,RNT-010-031,WPLAN-001,RPLAN-002,30,204,21.369,897.92,8160.0,9057.92,PASS,
2026-09,APT-010-032,HYD-SOUTH,WTR-010-032,RNT-010-032,WPLAN-001,RPLAN-002,30,150,19.293,825.26,6000.0,6825.26,PASS,
2026-09,APT-010-033,HYD-SOUTH,WTR-010-033,RNT-010-033,WPLAN-003,RPLAN-002,30,235,21.219,1318.51,9400.0,10718.51,PASS,
2026-09,APT-010-034,HYD-SOUTH,WTR-010-034,RNT-010-034,WPLAN-003,RPLAN-003,30,180,22.091,1360.37,9600.0,10960.37,PASS,
2026-09,APT-010-035,HYD-SOUTH,WTR-010-035,RNT-010-035,WPLAN-001,RPLAN-002,30,253,21.073,887.56,10120.0,11007.56,PASS,
2026-09,APT-010-036,HYD-SOUTH,WTR-010-036,RNT-010-036,WPLAN-002,RPLAN-003,30,218,22.109,1084.36,11626.67,12711.03,PASS,
2026-09,APT-010-037,HYD-SOUTH,WTR-010-037,RNT-010-037,WPLAN-002,RPLAN-001,30,220,18.662,946.48,5866.67,6813.15,PASS,
2026-09,APT-010-038,HYD-SOUTH,WTR-010-038,RNT-010-038,WPLAN-003,RPLAN-003,30,174,11.83,867.84,9280.0,10147.84,PASS,
2026-09,APT-010-039,HYD-SOUTH,WTR-010-039,RNT-010-039,WPLAN-001,RPLAN-001,30,154,17.013,745.46,4106.67,4852.13,PASS,
2026-09,APT-010-040,HYD-SOUTH,WTR-010-040,RNT-010-040,WPLAN-001,RPLAN-002,30,221,21.136,889.76,8840.0,9729.76,PASS,
2026-09,APT-010-041,HYD-SOUTH,WTR-010-041,RNT-010-041,WPLAN-001,RPLAN-001,30,178,22.319,931.16,4746.67,5677.83,PASS,
2026-09,APT-010-042,HYD-SOUTH,WTR-010-042,RNT-010-042,WPLAN-003,RPLAN-002,30,237,21.997,1355.86,9480.0,10835.86,PASS,
2026-09,APT-010-043,HYD-SOUTH,WTR-010-043,RNT-010-043,WPLAN-003,RPLAN-003,30,160,10.495,803.76,8533.33,9337.09,PASS,
2026-09,APT-010-044,HYD-SOUTH,WTR-010-044,RNT-010-044,WPLAN-001,RPLAN-002,30,205,12.075,572.62,8200.0,8772.62,PASS,
2026-09,APT-010-045,HYD-SOUTH,WTR-010-045,RNT-010-045,WPLAN-001,RPLAN-003,30,226,19.669,838.42,12053.33,12891.75,PASS,
2026-09,APT-010-046,HYD-SOUTH,WTR-010-046,RNT-010-046,WPLAN-002,RPLAN-003,30,224,11.918,676.72,11946.67,12623.39,PASS,
2026-09,APT-010-047,HYD-SOUTH,WTR-010-047,RNT-010-047,WPLAN-003,RPLAN-002,30,161,20.882,1302.34,6440.0,7742.34,PASS,
2026-09,APT-010-048,HYD-SOUTH,WTR-010-048,RNT-010-048,WPLAN-001,RPLAN-001,30,158,10.452,515.82,4213.33,4729.15,PASS,
2026-09,APT-010-049,HYD-SOUTH,WTR-010-049,RNT-010-049,WPLAN-003,RPLAN-001,30,184,20.258,1272.38,4906.67,6179.05,PASS,
2026-09,APT-010-050,HYD-SOUTH,WTR-010-050,RNT-010-050,WPLAN-002,RPLAN-002,30,220,11.599,663.96,8800.0,9463.96,PASS,
